Point ID,arc_length,Points_0,Points_1,Points_2,Points_Magnitude,Result,tke,u,v,v_mag,vtkValidPointMask,w
0,0,361.2,-255.425,35,443.771,nan,nan,nan,nan,nan,0,nan
1,0.510849,361.2,-254.914,35,443.477,0.0898292,0.797135,8.11527,-4.77964e-05,8.11527,1,-0.00368019
2,1.0217,361.2,-254.403,35,443.183,0.0898291,0.797134,8.11527,-7.45109e-05,8.11527,1,-0.00368001
3,1.53255,361.2,-253.892,35,442.89,0.0898291,0.797134,8.11527,-0.00010132,8.11527,1,-0.0036793
4,2.0434,361.2,-253.382,35,442.598,0.0898291,0.797134,8.11527,-0.000128032,8.11527,1,-0.00367836
5,2.55424,361.2,-252.871,35,442.305,0.0898291,0.797133,8.11527,-0.000154934,8.11527,1,-0.00367743
6,3.06509,361.2,-252.36,35,442.014,0.089829,0.797132,8.11527,-0.000181132,8.11527,1,-0.00367617
7,3.57594,361.2,-251.849,35,441.722,0.089829,0.797131,8.11527,-0.000207039,8.11527,1,-0.00367482
8,4.08681,361.2,-251.338,35,441.431,0.0898289,0.797131,8.11527,-0.000233159,8.11527,1,-0.00367347
9,4.59766,361.2,-250.827,35,441.14,0.0898289,0.79713,8.11527,-0.000259595,8.11527,1,-0.00367177
10,5.10851,361.2,-250.316,35,440.85,0.0898288,0.797128,8.11527,-0.000286057,8.11527,1,-0.00366999
11,5.61935,361.2,-249.806,35,440.56,0.0898288,0.797127,8.11527,-0.000312761,8.11527,1,-0.00366821
12,6.1302,361.2,-249.295,35,440.271,0.0898287,0.797126,8.11527,-0.000339089,8.11527,1,-0.00366605
13,6.64105,361.2,-248.784,35,439.982,0.0898286,0.797124,8.11527,-0.000365348,8.11527,1,-0.00366384
14,7.1519,361.2,-248.273,35,439.693,0.0898285,0.797123,8.11527,-0.000391875,8.11527,1,-0.00366164
15,7.66275,361.2,-247.762,35,439.405,0.0898284,0.797121,8.11527,-0.00041823,8.11527,1,-0.00365901
16,8.1736,361.2,-247.251,35,439.117,0.0898283,0.797119,8.11527,-0.000444569,8.11527,1,-0.00365636
17,8.68445,361.2,-246.741,35,438.83,0.0898282,0.797118,8.11527,-0.000471194,8.11527,1,-0.00365371
18,9.1953,361.2,-246.23,35,438.542,0.0898281,0.797116,8.11527,-0.000497493,8.11527,1,-0.00365061
19,9.70615,361.2,-245.719,35,438.256,0.0898279,0.797114,8.11527,-0.000523792,8.11527,1,-0.00364752
20,10.217,361.2,-245.208,35,437.97,0.0898278,0.797111,8.11527,-0.000550377,8.11527,1,-0.00364438
21,10.7278,361.2,-244.697,35,437.684,0.0898277,0.797109,8.11527,-0.000576677,8.11527,1,-0.00364083
22,11.2387,361.2,-244.186,35,437.398,0.0898275,0.797107,8.11527,-0.000602976,8.11527,1,-0.00363727
23,11.7496,361.2,-243.675,35,437.113,0.0898274,0.797104,8.11527,-0.00062956,8.11527,1,-0.00363365
24,12.2604,361.2,-243.165,35,436.829,0.0898272,0.797101,8.11528,-0.000655841,8.11528,1,-0.00362962
25,12.7713,361.2,-242.654,35,436.545,0.089827,0.797099,8.11528,-0.000682122,8.11528,1,-0.0036256
26,13.2821,361.2,-242.143,35,436.261,0.0898269,0.797096,8.11528,-0.000708685,8.11528,1,-0.00362147
27,13.793,361.2,-241.632,35,435.978,0.0898267,0.797093,8.11528,-0.000734949,8.11528,1,-0.00361696
28,14.3038,361.2,-241.121,35,435.695,0.0898265,0.79709,8.11528,-0.000761212,8.11528,1,-0.00361246
29,14.8147,361.2,-240.61,35,435.412,0.0898263,0.797087,8.11528,-0.000787755,8.11528,1,-0.00360781
30,15.3255,361.2,-240.1,35,435.13,0.0898261,0.797083,8.11528,-0.000813997,8.11528,1,-0.00360281
31,15.8363,361.2,-239.589,35,434.848,0.0898259,0.79708,8.11528,-0.000840248,8.11528,1,-0.00359781
32,16.3472,361.2,-239.078,35,434.567,0.0898257,0.797077,8.11528,-0.000866756,8.11529,1,-0.00359263
33,16.858,361.2,-238.567,35,434.286,0.0898255,0.797073,8.11529,-0.000892972,8.11529,1,-0.00358712
34,17.3689,361.2,-238.056,35,434.006,0.0898253,0.797069,8.11529,-0.000919224,8.11529,1,-0.00358161
35,17.8797,361.2,-237.545,35,433.726,0.089825,0.797065,8.11529,-0.000945678,8.11529,1,-0.00357589
36,18.3906,361.2,-237.034,35,433.446,0.0898248,0.797061,8.11529,-0.000971865,8.11529,1,-0.00356986
37,18.9014,361.2,-236.524,35,433.167,0.0898245,0.797057,8.11529,-0.000998114,8.11529,1,-0.00356383
38,19.4123,361.2,-236.013,35,432.888,0.0898243,0.797053,8.11529,-0.00102451,8.11529,1,-0.00355755
39,19.9232,361.2,-235.502,35,432.61,0.089824,0.797049,8.11529,-0.00105066,8.11529,1,-0.00355099
40,20.434,361.2,-234.991,35,432.332,0.0898238,0.797045,8.1153,-0.00107691,8.1153,1,-0.00354442
41,20.9449,361.2,-234.48,35,432.055,0.0898235,0.79704,8.1153,-0.00110324,8.1153,1,-0.00353756
42,21.4557,361.2,-233.969,35,431.778,0.0898232,0.797035,8.1153,-0.00112935,8.1153,1,-0.00353044
43,21.9666,361.2,-233.458,35,431.501,0.0898229,0.797031,8.1153,-0.00115559,8.1153,1,-0.00352333
44,22.4774,361.2,-232.948,35,431.225,0.0898227,0.797026,8.1153,-0.00118185,8.1153,1,-0.00351587
45,22.9883,361.2,-232.437,35,430.949,0.0898224,0.797021,8.1153,-0.00120793,8.1153,1,-0.00350819
46,23.4991,361.2,-231.926,35,430.674,0.0898221,0.797016,8.1153,-0.00123414,8.11531,1,-0.0035005
47,24.0099,361.2,-231.415,35,430.399,0.0898217,0.797011,8.11531,-0.00126033,8.11531,1,-0.00349242
48,24.5208,361.2,-230.904,35,430.125,0.0898214,0.797005,8.11531,-0.00128637,8.11531,1,-0.00348415
49,25.0316,361.2,-230.393,35,429.851,0.0898211,0.797,8.11531,-0.00131257,8.11531,1,-0.00347588
50,25.5425,361.2,-229.883,35,429.577,0.0898208,0.796994,8.11531,-0.00133868,8.11531,1,-0.00346717
51,26.0533,361.2,-229.372,35,429.304,0.0898204,0.796989,8.11531,-0.00136466,8.11531,1,-0.00345829
52,26.5642,361.2,-228.861,35,429.031,0.0898201,0.796983,8.11531,-0.00139084,8.11531,1,-0.00344941
53,27.075,361.2,-228.35,35,428.759,0.0898198,0.796977,8.11532,-0.00141687,8.11532,1,-0.00344003
54,27.5859,361.2,-227.839,35,428.487,0.0898194,0.796971,8.11532,-0.0014428,8.11532,1,-0.00343053
55,28.0968,361.2,-227.328,35,428.216,0.089819,0.796965,8.11532,-0.00146895,8.11532,1,-0.00342102
56,28.6076,361.2,-226.817,35,427.945,0.0898187,0.796959,8.11532,-0.00149489,8.11532,1,-0.00341096
57,29.1185,361.2,-226.307,35,427.674,0.0898183,0.796953,8.11532,-0.00152077,8.11532,1,-0.00340081
58,29.6293,361.2,-225.796,35,427.404,0.0898179,0.796946,8.11532,-0.00154688,8.11532,1,-0.00339064
59,30.1402,361.2,-225.285,35,427.134,0.0898175,0.79694,8.11532,-0.00157273,8.11532,1,-0.00337987
60,30.651,361.2,-224.774,35,426.865,0.0898172,0.796933,8.11532,-0.00159854,8.11533,1,-0.00336904
61,31.1618,361.2,-224.263,35,426.596,0.0898168,0.796926,8.11533,-0.00162462,8.11533,1,-0.0033582
62,31.6727,361.2,-223.752,35,426.328,0.0898164,0.796919,8.11533,-0.00165037,8.11533,1,-0.00334669
63,32.1835,361.2,-223.241,35,426.06,0.0898159,0.796912,8.11533,-0.00167611,8.11533,1,-0.00333516
64,32.6944,361.2,-222.731,35,425.793,0.0898155,0.796905,8.11533,-0.00170213,8.11533,1,-0.00332359
65,33.2052,361.2,-222.22,35,425.526,0.0898151,0.796898,8.11533,-0.0017278,8.11533,1,-0.00331133
66,33.7161,361.2,-221.709,35,425.259,0.0898147,0.79689,8.11533,-0.00175346,8.11533,1,-0.00329907
67,34.2269,361.2,-221.198,35,424.993,0.0898142,0.796883,8.11533,-0.0017794,8.11533,1,-0.00328672
68,34.7378,361.2,-220.687,35,424.727,0.0898138,0.796875,8.11533,-0.00180499,8.11533,1,-0.0032737
69,35.2487,361.2,-220.176,35,424.462,0.0898134,0.796867,8.11533,-0.00183058,8.11533,1,-0.00326069
70,35.7595,361.2,-219.665,35,424.197,0.0898129,0.79686,8.11533,-0.00185642,8.11534,1,-0.00324752
71,36.2704,361.2,-219.155,35,423.933,0.0898124,0.796851,8.11534,-0.00188193,8.11534,1,-0.00323371
72,36.7812,361.2,-218.644,35,423.669,0.089812,0.796843,8.11534,-0.00190743,8.11534,1,-0.0032199
73,37.2921,361.2,-218.133,35,423.406,0.0898115,0.796835,8.11534,-0.00193318,8.11534,1,-0.00320588
74,37.8029,361.2,-217.622,35,423.143,0.089811,0.796827,8.11534,-0.00195859,8.11534,1,-0.00319125
75,38.3138,361.2,-217.111,35,422.88,0.0898106,0.796818,8.11534,-0.001984,8.11534,1,-0.00317661
76,38.8246,361.2,-216.6,35,422.618,0.0898101,0.79681,8.11534,-0.00200965,8.11534,1,-0.0031617
77,39.3354,361.2,-216.09,35,422.357,0.0898096,0.796801,8.11534,-0.00203496,8.11534,1,-0.00314621
78,39.8463,361.2,-215.579,35,422.096,0.0898091,0.796792,8.11534,-0.00206028,8.11534,1,-0.00313071
79,40.3571,361.2,-215.068,35,421.835,0.0898086,0.796783,8.11534,-0.00208581,8.11534,1,-0.00311486
80,40.868,361.2,-214.557,35,421.575,0.0898081,0.796774,8.11534,-0.00211101,8.11534,1,-0.00309847
81,41.3788,361.2,-214.046,35,421.315,0.0898075,0.796765,8.11534,-0.00213625,8.11534,1,-0.00308206
82,41.8897,361.2,-213.535,35,421.056,0.089807,0.796755,8.11534,-0.00216163,8.11534,1,-0.00306524
83,42.4005,361.2,-213.024,35,420.797,0.0898065,0.796746,8.11534,-0.00218671,8.11534,1,-0.0030479
84,42.9114,361.2,-212.514,35,420.538,0.089806,0.796736,8.11534,-0.00221185,8.11534,1,-0.00303054
85,43.4223,361.2,-212.003,35,420.28,0.0898054,0.796727,8.11533,-0.00223708,8.11534,1,-0.0030127
86,43.9331,361.2,-211.492,35,420.023,0.0898049,0.796717,8.11533,-0.00226203,8.11533,1,-0.00299436
87,44.444,361.2,-210.981,35,419.766,0.0898043,0.796707,8.11533,-0.00228708,8.11533,1,-0.00297602
88,44.9548,361.2,-210.47,35,419.509,0.0898038,0.796697,8.11533,-0.00231213,8.11533,1,-0.00295709
89,45.4657,361.2,-209.959,35,419.253,0.0898032,0.796686,8.11533,-0.00233695,8.11533,1,-0.00293772
90,45.9765,361.2,-209.449,35,418.998,0.0898026,0.796676,8.11533,-0.00236188,8.11533,1,-0.00291833
91,46.4874,361.2,-208.938,35,418.743,0.0898021,0.796666,8.11533,-0.00238676,8.11533,1,-0.00289828
92,46.9982,361.2,-208.427,35,418.488,0.0898015,0.796655,8.11532,-0.00241142,8.11533,1,-0.00287782
93,47.509,361.2,-207.916,35,418.234,0.0898009,0.796644,8.11532,-0.00243623,8.11532,1,-0.00285734
94,48.0199,361.2,-207.405,35,417.98,0.0898003,0.796633,8.11532,-0.00246091,8.11532,1,-0.00283609
95,48.5307,361.2,-206.894,35,417.727,0.0897997,0.796622,8.11532,-0.00248542,8.11532,1,-0.00281448
96,49.0416,361.2,-206.383,35,417.474,0.0897991,0.796611,8.11531,-0.00251008,8.11532,1,-0.00279286
97,49.5524,361.2,-205.873,35,417.222,0.0897985,0.7966,8.11531,-0.00253456,8.11531,1,-0.00277035
98,50.0633,361.2,-205.362,35,416.97,0.0897979,0.796589,8.11531,-0.00255888,8.11531,1,-0.00274755
99,50.5742,361.2,-204.851,35,416.719,0.0897973,0.796577,8.11531,-0.00258339,8.11531,1,-0.00272472
100,51.085,361.2,-204.34,35,416.468,0.0897967,0.796565,8.1153,-0.00260764,8.1153,1,-0.00270089
101,51.5959,361.2,-203.829,35,416.217,0.0897961,0.796554,8.1153,-0.00263176,8.1153,1,-0.00267682
102,52.1067,361.2,-203.318,35,415.967,0.0897955,0.796542,8.11529,-0.00265611,8.1153,1,-0.00265273
103,52.6176,361.2,-202.807,35,415.718,0.0897948,0.79653,8.11529,-0.00268012,8.11529,1,-0.0026275
104,53.1284,361.2,-202.297,35,415.469,0.0897942,0.796518,8.11529,-0.00270405,8.11529,1,-0.0026021
105,53.6393,361.2,-201.786,35,415.22,0.0897935,0.796505,8.11528,-0.00272822,8.11528,1,-0.00257667
106,54.1501,361.2,-201.275,35,414.972,0.0897929,0.796493,8.11528,-0.00275192,8.11528,1,-0.00254998
107,54.6609,361.2,-200.764,35,414.725,0.0897923,0.79648,8.11527,-0.00277559,8.11527,1,-0.00252321
108,55.1718,361.2,-200.253,35,414.478,0.0897916,0.796468,8.11527,-0.00279951,8.11527,1,-0.0024964
109,55.6826,361.2,-199.742,35,414.231,0.0897909,0.796455,8.11526,-0.00282291,8.11526,1,-0.00246821
110,56.1935,361.2,-199.232,35,413.985,0.0897903,0.796442,8.11525,-0.00284631,8.11525,1,-0.00244
111,56.7043,361.2,-198.721,35,413.739,0.0897896,0.796429,8.11525,-0.00286996,8.11525,1,-0.00241165
112,57.2152,361.2,-198.21,35,413.494,0.089789,0.796416,8.11524,-0.00289311,8.11524,1,-0.00238187
113,57.726,361.2,-197.699,35,413.25,0.0897883,0.796403,8.11523,-0.00291626,8.11523,1,-0.00235209
114,58.2369,361.2,-197.188,35,413.006,0.0897876,0.79639,8.11523,-0.00293963,8.11523,1,-0.00232206
115,58.7478,361.2,-196.677,35,412.762,0.0897869,0.796376,8.11522,-0.00296244,8.11522,1,-0.00229068
116,59.2586,361.2,-196.166,35,412.519,0.0897863,0.796362,8.11521,-0.00298525,8.11521,1,-0.0022593
117,59.7695,361.2,-195.656,35,412.276,0.0897856,0.796349,8.1152,-0.00300825,8.1152,1,-0.00222757
118,60.2803,361.2,-195.145,35,412.034,0.0897849,0.796335,8.11519,-0.00303069,8.1152,1,-0.00219454
119,60.7912,361.2,-194.634,35,411.792,0.0897842,0.796321,8.11519,-0.00305313,8.11519,1,-0.00216151
120,61.302,361.2,-194.123,35,411.551,0.0897835,0.796307,8.11518,-0.00307574,8.11518,1,-0.00212798
121,61.8129,361.2,-193.612,35,411.31,0.0897828,0.796293,8.11517,-0.00309778,8.11517,1,-0.0020932
122,62.3237,361.2,-193.101,35,411.07,0.0897821,0.796279,8.11516,-0.00311981,8.11516,1,-0.00205842
123,62.8345,361.2,-192.59,35,410.83,0.0897814,0.796264,8.11515,-0.00314197,8.11515,1,-0.00202301
124,63.3454,361.2,-192.08,35,410.591,0.0897808,0.79625,8.11513,-0.00316355,8.11514,1,-0.00198642
125,63.8562,361.2,-191.569,35,410.352,0.0897801,0.796235,8.11512,-0.00318515,8.11512,1,-0.00194982
126,64.3671,361.2,-191.058,35,410.114,0.0897794,0.796221,8.11511,-0.00320677,8.11511,1,-0.00191246
127,64.8779,361.2,-190.547,35,409.876,0.0897787,0.796206,8.1151,-0.00322782,8.1151,1,-0.00187399
128,65.3888,361.2,-190.036,35,409.639,0.089778,0.796191,8.11509,-0.00324892,8.11509,1,-0.00183551
129,65.8997,361.2,-189.525,35,409.402,0.0897773,0.796176,8.11507,-0.00326992,8.11507,1,-0.00179613
130,66.4105,361.2,-189.014,35,409.166,0.0897766,0.796161,8.11506,-0.00329037,8.11506,1,-0.00175573
131,66.9214,361.2,-188.504,35,408.93,0.0897759,0.796146,8.11504,-0.00331089,8.11505,1,-0.00171531
132,67.4322,361.2,-187.993,35,408.695,0.0897752,0.796131,8.11503,-0.00333118,8.11503,1,-0.00167386
133,67.9431,361.2,-187.482,35,408.46,0.0897745,0.796116,8.11501,-0.00335093,8.11501,1,-0.00163148
134,68.4539,361.2,-186.971,35,408.226,0.0897739,0.796101,8.115,-0.00337079,8.115,1,-0.00158908
135,68.9648,361.2,-186.46,35,407.992,0.0897732,0.796085,8.11498,-0.00339026,8.11498,1,-0.00154551
136,69.4756,361.2,-185.949,35,407.759,0.0897725,0.79607,8.11496,-0.00340921,8.11496,1,-0.00150114
137,69.9865,361.2,-185.439,35,407.527,0.0897719,0.796055,8.11495,-0.00342829,8.11495,1,-0.00145671
138,70.4973,361.2,-184.928,35,407.294,0.0897712,0.79604,8.11493,-0.0034468,8.11493,1,-0.00141101
139,71.0081,361.2,-184.417,35,407.063,0.0897706,0.796024,8.11491,-0.00346481,8.11491,1,-0.00136463
140,71.519,361.2,-183.906,35,406.832,0.0897699,0.796009,8.11489,-0.00348298,8.11489,1,-0.00131818
141,72.0298,361.2,-183.395,35,406.601,0.0897693,0.795993,8.11486,-0.00350036,8.11486,1,-0.00127036
142,72.5407,361.2,-182.884,35,406.371,0.0897687,0.795978,8.11484,-0.00351728,8.11484,1,-0.00122198
143,73.0515,361.2,-182.373,35,406.141,0.0897681,0.795963,8.11482,-0.0035344,8.11482,1,-0.00117352
144,73.5624,361.2,-181.863,35,405.912,0.0897675,0.795948,8.11479,-0.00355045,8.11479,1,-0.00112363
145,74.0733,361.2,-181.352,35,405.683,0.0897669,0.795932,8.11477,-0.00356609,8.11477,1,-0.00107332
146,74.5841,361.2,-180.841,35,405.455,0.0897664,0.795917,8.11474,-0.00358195,8.11474,1,-0.0010229
147,75.095,361.2,-180.33,35,405.228,0.0897659,0.795902,8.11471,-0.00359643,8.11471,1,-0.000971044
148,75.6058,361.2,-179.819,35,405,0.0897654,0.795888,8.11468,-0.00361055,8.11468,1,-0.000918899
149,76.1167,361.2,-179.308,35,404.774,0.0897649,0.795873,8.11465,-0.00362495,8.11465,1,-0.000866612
150,76.6275,361.2,-178.798,35,404.548,0.0897644,0.795858,8.11462,-0.00363755,8.11462,1,-0.000812949
151,77.1384,361.2,-178.287,35,404.322,0.089764,0.795844,8.11458,-0.0036499,8.11458,1,-0.000759122
152,77.6492,361.2,-177.776,35,404.097,0.0897636,0.79583,8.11455,-0.00366256,8.11455,1,-0.000705114
153,78.16,361.2,-177.265,35,403.873,0.0897633,0.795816,8.11451,-0.00367293,8.11451,1,-0.000649884
154,78.6709,361.2,-176.754,35,403.649,0.089763,0.795803,8.11446,-0.00368318,8.11446,1,-0.000594595
155,79.1817,361.2,-176.243,35,403.426,0.0897627,0.795789,8.11442,-0.00369374,8.11442,1,-0.000539066
156,79.6926,361.2,-175.732,35,403.203,0.0897625,0.795777,8.11437,-0.00370149,8.11437,1,-0.000482609
157,80.2034,361.2,-175.222,35,402.98,0.0897624,0.795765,8.11432,-0.00370925,8.11433,1,-0.000426152
158,80.7143,361.2,-174.711,35,402.758,0.0897622,0.795752,8.11428,-0.00371715,8.11428,1,-0.000369381
159,81.2251,361.2,-174.2,35,402.537,0.0897623,0.795742,8.11422,-0.00372196,8.11422,1,-0.000312145
160,81.736,361.2,-173.689,35,402.316,0.0897623,0.795731,8.11416,-0.00372678,8.11416,1,-0.000254907
161,82.2469,361.2,-173.178,35,402.096,0.0897624,0.795721,8.1141,-0.00373149,8.1141,1,-0.00019734
162,82.7577,361.2,-172.667,35,401.876,0.0897627,0.795712,8.11403,-0.00373282,8.11403,1,-0.000139816
163,83.2686,361.2,-172.156,35,401.657,0.089763,0.795704,8.11395,-0.00373416,8.11395,1,-8.22918e-05
164,83.7794,361.2,-171.646,35,401.438,0.0897634,0.795696,8.11388,-0.00373506,8.11388,1,-2.45072e-05
165,84.2903,361.2,-171.135,35,401.22,0.0897641,0.79569,8.11379,-0.00373229,8.11379,1,3.26784e-05
166,84.8011,361.2,-170.624,35,401.002,0.0897647,0.795685,8.1137,-0.00372951,8.1137,1,8.98639e-05
167,85.312,361.2,-170.113,35,400.785,0.0897655,0.795681,8.11361,-0.00372588,8.11361,1,0.000147135
168,85.8228,361.2,-169.602,35,400.569,0.0897666,0.795679,8.1135,-0.00371828,8.1135,1,0.000203239
169,86.3336,361.2,-169.091,35,400.353,0.0897678,0.795678,8.11339,-0.00371069,8.11339,1,0.000259354
170,86.8445,361.2,-168.581,35,400.137,0.0897691,0.795679,8.11328,-0.00370164,8.11328,1,0.000315214
171,87.3553,361.2,-168.07,35,399.922,0.0897708,0.795683,8.11314,-0.00368833,8.11314,1,0.000369362
172,87.8662,361.2,-167.559,35,399.708,0.0897726,0.795687,8.11301,-0.00367508,8.11301,1,0.000423564
173,88.377,361.2,-167.048,35,399.494,0.0897746,0.795694,8.11286,-0.00365959,8.11286,1,0.000476902
174,88.8879,361.2,-166.537,35,399.281,0.0897771,0.795706,8.11269,-0.00363966,8.11269,1,0.000527961
175,89.3988,361.2,-166.026,35,399.068,0.0897796,0.795718,8.11252,-0.00361984,8.11252,1,0.000579132
176,89.9096,361.2,-165.515,35,398.856,0.0897826,0.795734,8.11234,-0.00359676,8.11234,1,0.000628641
177,90.4205,361.2,-165.005,35,398.644,0.0897862,0.795755,8.11212,-0.00356912,8.11213,1,0.000675426
178,90.9313,361.2,-164.494,35,398.433,0.0897897,0.795777,8.11191,-0.00354164,8.11191,1,0.000722381
179,91.4422,361.2,-163.983,35,398.222,0.089794,0.795805,8.11168,-0.00350965,8.11168,1,0.000766595
180,91.953,361.2,-163.472,35,398.012,0.0897988,0.79584,8.11141,-0.00347298,8.11141,1,0.000807721
181,92.4639,361.2,-162.961,35,397.802,0.0898037,0.795874,8.11115,-0.00343654,8.11115,1,0.000849088
182,92.9747,361.2,-162.45,35,397.593,0.0898096,0.795919,8.11084,-0.00339413,8.11084,1,0.000886367
183,93.4855,361.2,-161.939,35,397.385,0.0898162,0.79597,8.11051,-0.00334707,8.11051,1,0.000920314
184,93.9964,361.2,-161.429,35,397.177,0.0898228,0.796022,8.11018,-0.00330031,8.11018,1,0.000954579
185,94.5072,361.2,-160.918,35,396.97,0.0898308,0.796088,8.10979,-0.00324582,8.10979,1,0.00098308
186,95.0181,361.2,-160.407,35,396.763,0.0898396,0.796162,8.10937,-0.00318686,8.10937,1,0.00100814
187,95.5289,361.2,-159.896,35,396.557,0.0898484,0.796236,8.10896,-0.00312826,8.10896,1,0.00103361
188,96.0398,361.2,-159.385,35,396.351,0.0898592,0.796331,8.10847,-0.00305987,8.10847,1,0.00105135
189,96.5506,361.2,-158.874,35,396.146,0.0898708,0.796435,8.10794,-0.00298734,8.10794,1,0.00106575
190,97.0615,361.2,-158.363,35,395.941,0.0898824,0.796538,8.10742,-0.00291523,8.10742,1,0.00108064
191,97.5724,361.2,-157.853,35,395.737,0.0898968,0.79667,8.1068,-0.00283096,8.1068,1,0.00108557
192,98.0832,361.2,-157.342,35,395.534,0.089912,0.796812,8.10615,-0.00274306,8.10615,1,0.00108749
193,98.5941,361.2,-156.831,35,395.331,0.0899271,0.796953,8.1055,-0.00265565,8.1055,1,0.00108996
194,99.1049,361.2,-156.32,35,395.128,0.0899461,0.797135,8.10472,-0.00255336,8.10472,1,0.00108004
195,99.6158,361.2,-155.809,35,394.927,0.0899659,0.797326,8.10391,-0.00244818,8.10391,1,0.00106768
196,100.127,361.2,-155.298,35,394.725,0.0899855,0.797515,8.1031,-0.00234354,8.1031,1,0.00105593
197,100.637,361.2,-154.788,35,394.525,0.0900104,0.797762,8.10212,-0.00222098,8.10212,1,0.0010292
198,101.148,361.2,-154.277,35,394.324,0.0900358,0.798016,8.10112,-0.00209651,8.10112,1,0.00100087
199,101.659,361.2,-153.766,35,394.125,0.0900611,0.798268,8.10012,-0.00197262,8.10012,1,0.000973157
200,102.17,361.2,-153.255,35,393.926,0.0900935,0.7986,8.09889,-0.00182729,8.09889,1,0.000928048
201,102.681,361.2,-152.744,35,393.727,0.0901261,0.798934,8.09766,-0.00168127,8.09766,1,0.000882371
202,103.192,361.2,-152.233,35,393.529,0.0901588,0.79927,8.09642,-0.00153506,8.09642,1,0.000836641
203,103.703,361.2,-151.722,35,393.332,0.0902004,0.799708,8.0949,-0.00136548,8.0949,1,0.000772499
204,104.213,361.2,-151.212,35,393.135,0.090242,0.800146,8.09339,-0.0011959,8.09339,1,0.000708357
205,104.724,361.2,-150.701,35,392.939,0.0902845,0.800595,8.09185,-0.00102436,8.09185,1,0.000642831
206,105.235,361.2,-150.19,35,392.743,0.0903373,0.801165,8.08999,-0.000829366,8.08999,1,0.000558704
207,105.746,361.2,-149.679,35,392.548,0.0903902,0.801736,8.08814,-0.000634377,8.08814,1,0.000474578
208,106.257,361.2,-149.168,35,392.354,0.0904451,0.802332,8.08624,-0.000435232,8.08624,1,0.000387843
209,106.768,361.2,-148.657,35,392.16,0.0905121,0.803073,8.08398,-0.000211461,8.08398,1,0.000285247
210,107.279,361.2,-148.146,35,391.967,0.0905791,0.803814,8.08173,1.23087e-05,8.08173,1,0.00018265
211,107.789,361.2,-147.636,35,391.774,0.0906498,0.804601,8.07938,0.000242637,8.07938,1,7.60189e-05
212,108.3,361.2,-147.125,35,391.582,0.0907346,0.805562,8.07664,0.00049771,8.07664,1,-4.52843e-05
213,108.811,361.2,-146.614,35,391.39,0.0908195,0.806523,8.07391,0.000752783,8.07391,1,-0.000166588
214,109.322,361.2,-146.103,35,391.199,0.0909104,0.807562,8.07102,0.00101724,8.07102,1,-0.000292843
215,109.833,361.2,-145.592,35,391.008,0.0910179,0.808808,8.06771,0.00130579,8.06771,1,-0.000431526
216,110.344,361.2,-145.081,35,390.818,0.0911254,0.810054,8.0644,0.00159433,8.0644,1,-0.00057022
217,110.854,361.2,-144.571,35,390.629,0.0912426,0.811428,8.06086,0.00189579,8.06087,1,-0.000714316
218,111.365,361.2,-144.06,35,390.44,0.0913791,0.813047,8.05686,0.00222158,8.05686,1,-0.000867837
219,111.876,361.2,-143.549,35,390.252,0.0915154,0.814667,8.05286,0.00254737,8.05286,1,-0.00102142
220,112.387,361.2,-143.038,35,390.065,0.091667,0.816488,8.04852,0.00289014,8.04852,1,-0.00118018
221,112.898,361.2,-142.527,35,389.877,0.091841,0.818603,8.04368,0.00325687,8.04368,1,-0.00134548
222,113.409,361.2,-142.016,35,389.691,0.0920149,0.820717,8.03883,0.00362363,8.03884,1,-0.00151093
223,113.92,361.2,-141.505,35,389.505,0.092212,0.823145,8.03351,0.00401226,8.03351,1,-0.0016805
224,114.43,361.2,-140.995,35,389.32,0.0924352,0.825924,8.02762,0.00442453,8.02763,1,-0.00185368
225,114.941,361.2,-140.484,35,389.135,0.0926583,0.8287,8.02175,0.0048369,8.02175,1,-0.00202716
226,115.452,361.2,-139.973,35,388.951,0.0929166,0.831963,8.01518,0.00527698,8.01518,1,-0.0022029
227,115.963,361.2,-139.462,35,388.767,0.0932053,0.835642,8.008,0.00574013,8.00801,1,-0.0023797
228,116.474,361.2,-138.951,35,388.584,0.0934936,0.839317,8.00084,0.00620351,8.00084,1,-0.00255696
229,116.985,361.2,-138.44,35,388.402,0.0938353,0.84374,7.99268,0.00670146,7.99269,1,-0.00273371
230,117.495,361.2,-137.93,35,388.22,0.094212,0.848654,7.98387,0.00722149,7.98388,1,-0.00290943
231,118.006,361.2,-137.419,35,388.039,0.0945884,0.853563,7.97507,0.00774197,7.97507,1,-0.00308579
232,118.517,361.2,-136.908,35,387.858,0.0950447,0.859615,7.96486,0.00830455,7.96486,1,-0.00325842
233,119.028,361.2,-136.397,35,387.678,0.0955409,0.866234,7.95394,0.00888747,7.95395,1,-0.00342863
234,119.539,361.2,-135.886,35,387.499,0.0960366,0.872848,7.94304,0.00947119,7.94304,1,-0.00359968
235,120.05,361.2,-135.375,35,387.32,0.0966514,0.88119,7.93012,0.0101042,7.93013,1,-0.00376401
236,120.561,361.2,-134.864,35,387.142,0.0973096,0.890161,7.91647,0.0107546,7.91648,1,-0.00392549
237,121.071,361.2,-134.354,35,386.964,0.0979675,0.89913,7.90283,0.0114064,7.90284,1,-0.00408796
238,121.582,361.2,-133.843,35,386.787,0.0987978,0.91064,7.88638,0.0121112,7.88639,1,-0.00424206
239,122.093,361.2,-133.332,35,386.611,0.0996721,0.922795,7.8692,0.0128291,7.86922,1,-0.00439376
240,122.604,361.2,-132.821,35,386.435,0.100547,0.934959,7.85204,0.0135492,7.85205,1,-0.00454656
241,123.115,361.2,-132.31,35,386.26,0.101656,0.950619,7.83108,0.0143174,7.83109,1,-0.00469035
242,123.626,361.2,-131.799,35,386.085,0.102803,0.966842,7.8095,0.0150931,7.80952,1,-0.00483254
243,124.137,361.2,-131.288,35,385.911,0.103951,0.983097,7.78792,0.0158722,7.78794,1,-0.00497582
244,124.647,361.2,-130.778,35,385.737,0.105387,1.00364,7.76157,0.0166756,7.76159,1,-0.00511069
245,125.158,361.2,-130.267,35,385.564,0.106847,1.02453,7.73484,0.0174808,7.73486,1,-0.00524482
246,125.669,361.2,-129.756,35,385.392,0.10831,1.0455,7.70807,0.0182907,7.70809,1,-0.00537995
247,126.18,361.2,-129.245,35,385.22,0.110075,1.07085,7.67586,0.0190875,7.67589,1,-0.00550968
248,126.691,361.2,-128.734,35,385.049,0.111844,1.09626,7.64359,0.019884,7.64362,1,-0.00563933
249,127.202,361.2,-128.223,35,384.879,0.113632,1.12196,7.61096,0.0206827,7.61099,1,-0.00576967
250,127.713,361.2,-127.713,35,384.709,0.115646,1.15058,7.57339,0.0214105,7.57342,1,-0.00589658
251,128.223,361.2,-127.202,35,384.54,0.117659,1.17919,7.53581,0.0221384,7.53585,1,-0.0060235
252,128.734,361.2,-126.691,35,384.371,0.119697,1.20809,7.49759,0.0228584,7.49763,1,-0.00615118
253,129.245,361.2,-126.18,35,384.203,0.121836,1.23753,7.45556,0.0234667,7.4556,1,-0.00627951
254,129.756,361.2,-125.669,35,384.035,0.123975,1.26697,7.41352,0.024075,7.41357,1,-0.00640784
255,130.267,361.2,-125.158,35,383.868,0.126123,1.29625,7.37074,0.0246551,7.37078,1,-0.00653527
256,130.778,361.2,-124.647,35,383.702,0.128244,1.32359,7.32547,0.025074,7.32552,1,-0.00665564
257,131.288,361.2,-124.137,35,383.537,0.130365,1.35094,7.28021,0.0254928,7.28025,1,-0.00677602
258,131.799,361.2,-123.626,35,383.372,0.132463,1.37734,7.23428,0.0258724,7.23433,1,-0.0068981
259,132.31,361.2,-123.115,35,383.207,0.134433,1.39991,7.18712,0.0261109,7.18717,1,-0.00702447
260,132.821,361.2,-122.604,35,383.043,0.136402,1.42249,7.13996,0.0263495,7.14001,1,-0.00715085
261,133.332,361.2,-122.093,35,382.88,0.138307,1.44319,7.09239,0.0265105,7.09245,1,-0.0072662
262,133.843,361.2,-121.582,35,382.718,0.140021,1.45906,7.04463,0.0264859,7.04468,1,-0.00735507
263,134.354,361.2,-121.071,35,382.556,0.141735,1.47495,6.99684,0.0264616,6.9969,1,-0.00744393
264,134.864,361.2,-120.561,35,382.394,0.143338,1.48808,6.94907,0.0263451,6.94912,1,-0.00753832
265,135.375,361.2,-120.05,35,382.233,0.144725,1.49627,6.90186,0.0260679,6.90191,1,-0.0076425
266,135.886,361.2,-119.539,35,382.073,0.146114,1.50446,6.85461,0.0257905,6.85466,1,-0.00774668
267,136.397,361.2,-119.028,35,381.914,0.147351,1.50934,6.80789,0.0254207,6.80795,1,-0.00783668
268,136.908,361.2,-118.517,35,381.755,0.148376,1.50983,6.76228,0.024932,6.76233,1,-0.00790821
269,137.419,361.2,-118.006,35,381.597,0.149402,1.51031,6.7166,0.0244426,6.71665,1,-0.00797969
270,137.93,361.2,-117.495,35,381.439,0.150247,1.50733,6.6721,0.0238273,6.67215,1,-0.00804519
271,138.44,361.2,-116.985,35,381.282,0.150903,1.5009,6.62905,0.0230883,6.6291,1,-0.00810495
272,138.951,361.2,-116.474,35,381.125,0.151559,1.49443,6.58593,0.0223477,6.58597,1,-0.00816458
273,139.462,361.2,-115.963,35,380.97,0.152022,1.48487,6.54471,0.0214873,6.54475,1,-0.00821298
274,139.973,361.2,-115.452,35,380.814,0.152332,1.47298,6.50517,0.0205371,6.50521,1,-0.0082529
275,140.484,361.2,-114.941,35,380.66,0.152642,1.46101,6.46554,0.0195842,6.46558,1,-0.00829264
276,140.995,361.2,-114.43,35,380.506,0.152769,1.44685,6.42865,0.0185054,6.42869,1,-0.00832296
277,141.505,361.2,-113.92,35,380.353,0.152787,1.43146,6.39353,0.017355,6.39355,1,-0.00834787
278,142.016,361.2,-113.409,35,380.2,0.152803,1.41597,6.3583,0.0162005,6.35833,1,-0.00837256
279,142.527,361.2,-112.898,35,380.048,0.152675,1.39965,6.32673,0.0149316,6.32675,1,-0.00838717
280,143.038,361.2,-112.387,35,379.896,0.152482,1.38302,6.29688,0.0136142,6.2969,1,-0.0083974
281,143.549,361.2,-111.876,35,379.746,0.152286,1.36629,6.26693,0.0122912,6.26695,1,-0.0084074
282,144.06,361.2,-111.365,35,379.595,0.15201,1.35039,6.24158,0.0108673,6.24159,1,-0.00840806
283,144.571,361.2,-110.854,35,379.446,0.151707,1.33482,6.21777,0.00941263,6.21778,1,-0.00840574
284,145.081,361.2,-110.344,35,379.297,0.151402,1.31914,6.19387,0.00795094,6.19388,1,-0.00840323
285,145.592,361.2,-109.833,35,379.149,0.151095,1.30605,6.17547,0.00641151,6.17548,1,-0.00839122
286,146.103,361.2,-109.322,35,379.001,0.150789,1.29357,6.15833,0.00485624,6.15833,1,-0.00837713
287,146.614,361.2,-108.811,35,378.854,0.15048,1.281,6.14111,0.00329256,6.14112,1,-0.00836289
288,147.125,361.2,-108.3,35,378.708,0.150252,1.27259,6.13019,0.00167658,6.1302,1,-0.0083388
289,147.636,361.2,-107.789,35,378.562,0.150034,1.26476,6.12014,5.43815e-05,6.12014,1,-0.00831339
290,148.146,361.2,-107.279,35,378.417,0.149814,1.25686,6.11004,-0.00157744,6.11004,1,-0.0082879
291,148.657,361.2,-106.768,35,378.272,0.149738,1.25429,6.1069,-0.00323054,6.10691,1,-0.00825132
292,149.168,361.2,-106.257,35,378.128,0.14967,1.25203,6.10418,-0.00488459,6.10419,1,-0.00821408
293,149.679,361.2,-105.746,35,377.985,0.149602,1.2498,6.1015,-0.00654927,6.10151,1,-0.00817674
294,150.19,361.2,-105.235,35,377.842,0.1497,1.25337,6.10617,-0.00820379,6.10618,1,-0.00812665
295,150.701,361.2,-104.724,35,377.7,0.149799,1.25693,6.11084,-0.0098583,6.11086,1,-0.00807656
296,151.212,361.2,-104.213,35,377.559,0.149908,1.26092,6.11606,-0.0115215,6.11607,1,-0.00802551
297,151.722,361.2,-103.703,35,377.418,0.150143,1.26987,6.12802,-0.0131459,6.12804,1,-0.00796147
298,152.233,361.2,-103.192,35,377.278,0.150378,1.27883,6.13998,-0.0147704,6.14,1,-0.00789743
299,152.744,361.2,-102.681,35,377.139,0.150626,1.28844,6.15294,-0.0163968,6.15297,1,-0.00783135
300,153.255,361.2,-102.17,35,377,0.150928,1.30169,6.17191,-0.0179551,6.17194,1,-0.00775184
301,153.766,361.2,-101.659,35,376.862,0.151231,1.31494,6.19087,-0.0195135,6.19091,1,-0.00767233
302,154.277,361.2,-101.148,35,376.725,0.151531,1.32882,6.21122,-0.0210626,6.21126,1,-0.00758944
303,154.788,361.2,-100.637,35,376.588,0.151804,1.34468,6.23672,-0.0225199,6.23676,1,-0.00749272
304,155.298,361.2,-100.127,35,376.452,0.152077,1.36053,6.26221,-0.0239771,6.26226,1,-0.00739601
305,155.809,361.2,-99.6158,35,376.316,0.152318,1.37666,6.28936,-0.0254093,6.28942,1,-0.00729428
306,156.32,361.2,-99.1049,35,376.181,0.152455,1.393,6.32072,-0.0267308,6.32078,1,-0.00717837
307,156.831,361.2,-98.594,35,376.047,0.152592,1.40934,6.35208,-0.0280526,6.35215,1,-0.00706245
308,157.342,361.2,-98.0832,35,375.913,0.152657,1.42526,6.38525,-0.0293285,6.38532,1,-0.00693955
309,157.853,361.2,-97.5723,35,375.78,0.152562,1.4398,6.42169,-0.0304806,6.42176,1,-0.00680228
310,158.363,361.2,-97.0615,35,375.648,0.152466,1.45435,6.45814,-0.0316336,6.45822,1,-0.00666499
311,158.874,361.2,-96.5507,35,375.516,0.152254,1.46747,6.49638,-0.0327183,6.49646,1,-0.00651853
312,159.385,361.2,-96.0398,35,375.385,0.151852,1.478,6.53702,-0.0336776,6.53711,1,-0.00635795
313,159.896,361.2,-95.529,35,375.255,0.15145,1.48856,6.5777,-0.0346385,6.57779,1,-0.00619733
314,160.407,361.2,-95.0181,35,375.125,0.150888,1.49656,6.61999,-0.0355026,6.62009,1,-0.00602549
315,160.918,361.2,-94.5072,35,374.996,0.150133,1.50124,6.66392,-0.0362394,6.66402,1,-0.00584054
316,161.429,361.2,-93.9964,35,374.868,0.149378,1.50596,6.70791,-0.0369778,6.70802,1,-0.00565547
317,161.939,361.2,-93.4855,35,374.74,0.148431,1.50702,6.75322,-0.0376058,6.75332,1,-0.00545764
318,162.45,361.2,-92.9747,35,374.613,0.147309,1.50457,6.7995,-0.0381245,6.7996,1,-0.00524844
319,162.961,361.2,-92.4639,35,374.486,0.146184,1.50213,6.84587,-0.0386448,6.84598,1,-0.00503897
320,163.472,361.2,-91.953,35,374.361,0.144853,1.49522,6.89308,-0.0390214,6.89319,1,-0.0048168
321,163.983,361.2,-91.4422,35,374.235,0.143377,1.48507,6.94073,-0.0392914,6.94084,1,-0.00458603
322,164.494,361.2,-90.9313,35,374.111,0.141897,1.4749,6.98849,-0.0395625,6.9886,1,-0.00435475
323,165.005,361.2,-90.4204,35,373.987,0.140216,1.45989,7.03645,-0.0396783,7.03657,1,-0.00411191
324,165.515,361.2,-89.9096,35,373.864,0.13843,1.44225,7.0844,-0.0397076,7.08451,1,-0.00386326
325,166.026,361.2,-89.3988,35,373.741,0.136637,1.42455,7.13248,-0.039737,7.13259,1,-0.00361385
326,166.537,361.2,-88.8879,35,373.619,0.134682,1.40241,7.17988,-0.0396033,7.17999,1,-0.00335781
327,167.048,361.2,-88.3771,35,373.498,0.132665,1.3785,7.22693,-0.0394025,7.22704,1,-0.00309953
328,167.559,361.2,-87.8662,35,373.378,0.130638,1.35448,7.27412,-0.0392007,7.27423,1,-0.00284012
329,168.07,361.2,-87.3554,35,373.258,0.128524,1.32731,7.31953,-0.0388284,7.31964,1,-0.00257997
330,168.581,361.2,-86.8445,35,373.139,0.126387,1.29927,7.36436,-0.0384063,7.36446,1,-0.00231999
331,169.091,361.2,-86.3336,35,373.02,0.12424,1.27107,7.40935,-0.0379818,7.40945,1,-0.00205858
332,169.602,361.2,-85.8228,35,372.902,0.122116,1.24185,7.45125,-0.0374259,7.45135,1,-0.00180615
333,170.113,361.2,-85.312,35,372.785,0.119998,1.21246,7.49252,-0.0368449,7.49261,1,-0.00155573
334,170.624,361.2,-84.8011,35,372.668,0.11787,1.1829,7.53394,-0.0362604,7.53403,1,-0.00130355
335,171.135,361.2,-84.2903,35,372.552,0.115894,1.15482,7.57099,-0.0355581,7.57107,1,-0.00106771
336,171.646,361.2,-83.7794,35,372.437,0.113935,1.12692,7.60753,-0.0348429,7.60761,1,-0.000833827
337,172.156,361.2,-83.2686,35,372.323,0.111967,1.09886,7.6442,-0.0341235,7.64427,1,-0.000597958
338,172.667,361.2,-82.7577,35,372.209,0.110264,1.07445,7.67551,-0.0333479,7.67558,1,-0.000383092
339,173.178,361.2,-82.2468,35,372.095,0.108571,1.05018,7.70661,-0.0325704,7.70668,1,-0.000169061
340,173.689,361.2,-81.736,35,371.983,0.10688,1.02592,7.73765,-0.0317881,7.73771,1,4.66e-05
341,174.2,361.2,-81.2252,35,371.871,0.105501,1.00626,7.76324,-0.0309914,7.7633,1,0.000242683
342,174.711,361.2,-80.7143,35,371.76,0.104123,0.986603,7.78883,-0.0301946,7.78889,1,0.000438765
343,175.222,361.2,-80.2035,35,371.649,0.102767,0.967288,7.81401,-0.0293962,7.81406,1,0.000635752
344,175.732,361.2,-79.6926,35,371.539,0.101692,0.952166,7.83458,-0.0286212,7.83464,1,0.00081867
345,176.243,361.2,-79.1817,35,371.43,0.100617,0.937044,7.85516,-0.0278462,7.85521,1,0.00100159
346,176.754,361.2,-78.6709,35,371.321,0.0995806,0.922482,7.87509,-0.0270749,7.87514,1,0.00118543
347,177.265,361.2,-78.16,35,371.213,0.0987638,0.911193,7.89146,-0.0263425,7.8915,1,0.00136071
348,177.776,361.2,-77.6492,35,371.106,0.097947,0.899904,7.90782,-0.0256101,7.90786,1,0.00153599
349,178.287,361.2,-77.1384,35,371,0.0971738,0.889249,7.92345,-0.0248869,7.92349,1,0.00171284
350,178.798,361.2,-76.6275,35,370.894,0.0965582,0.880908,7.93647,-0.0242065,7.93651,1,0.00188572
351,179.308,361.2,-76.1167,35,370.789,0.0959426,0.872567,7.94949,-0.023526,7.94953,1,0.0020586
352,179.819,361.2,-75.6058,35,370.684,0.0953696,0.864837,7.96177,-0.0228585,7.9618,1,0.00223382
353,180.33,361.2,-75.0949,35,370.58,0.0949041,0.85866,7.9722,-0.0222292,7.97223,1,0.00240767
354,180.841,361.2,-74.5841,35,370.477,0.0944386,0.852483,7.98263,-0.0215998,7.98266,1,0.0025816
355,181.352,361.2,-74.0732,35,370.375,0.0940119,0.846854,7.99235,-0.0209857,7.99238,1,0.00275783
356,181.863,361.2,-73.5624,35,370.273,0.093657,0.842245,8.00078,-0.0204034,8.0008,1,0.00293296
357,182.373,361.2,-73.0516,35,370.172,0.0933022,0.837637,8.0092,-0.0198209,8.00922,1,0.00310837
358,182.884,361.2,-72.5407,35,370.071,0.0929815,0.833501,8.01696,-0.0192549,8.01699,1,0.00328504
359,183.395,361.2,-72.0299,35,369.971,0.0927085,0.83003,8.02381,-0.0187138,8.02383,1,0.00345979
360,183.906,361.2,-71.519,35,369.872,0.0924357,0.826561,8.03066,-0.0181727,8.03068,1,0.00363498
361,184.417,361.2,-71.0081,35,369.774,0.0921922,0.823491,8.0369,-0.0176481,8.03692,1,0.00380972
362,184.928,361.2,-70.4973,35,369.676,0.0919806,0.820855,8.04249,-0.0171428,8.04251,1,0.0039814
363,185.439,361.2,-69.9865,35,369.579,0.0917691,0.81822,8.04808,-0.0166373,8.0481,1,0.00415365
364,185.949,361.2,-69.4756,35,369.482,0.0915828,0.815921,8.05311,-0.0161479,8.05313,1,0.00432318
365,186.46,361.2,-68.9648,35,369.387,0.0914177,0.813904,8.05768,-0.0156729,8.0577,1,0.00448861
366,186.971,361.2,-68.4539,35,369.292,0.0912528,0.811889,8.06224,-0.0151978,8.06226,1,0.00465474
367,187.482,361.2,-67.9431,35,369.197,0.0911095,0.810155,8.06629,-0.0147381,8.06631,1,0.00481547
368,187.993,361.2,-67.4322,35,369.104,0.0909803,0.808604,8.07001,-0.0142887,8.07002,1,0.00497144
369,188.504,361.2,-66.9213,35,369.011,0.0908513,0.807055,8.07372,-0.0138393,8.07374,1,0.00512821
370,189.014,361.2,-66.4105,35,368.918,0.0907411,0.805743,8.07696,-0.013404,8.07697,1,0.00527664
371,189.525,361.2,-65.8997,35,368.827,0.0906401,0.804548,8.07996,-0.012976,8.07997,1,0.00542011
372,190.036,361.2,-65.3888,35,368.736,0.0905393,0.803355,8.08296,-0.0125479,8.08297,1,0.00556445
373,190.547,361.2,-64.878,35,368.646,0.0904549,0.802364,8.08551,-0.0121325,8.08552,1,0.0056974
374,191.058,361.2,-64.3671,35,368.556,0.0903765,0.801446,8.0879,-0.0117219,8.08791,1,0.00582563
375,191.569,361.2,-63.8563,35,368.467,0.0902983,0.800531,8.09028,-0.0113111,8.09029,1,0.0059548
376,192.08,361.2,-63.3454,35,368.379,0.0902345,0.799788,8.09224,-0.0109113,8.09225,1,0.00606952
377,192.59,361.2,-62.8345,35,368.292,0.0901745,0.79909,8.09409,-0.0105143,8.09409,1,0.00618018
378,193.101,361.2,-62.3237,35,368.205,0.0901147,0.798394,8.09593,-0.0101172,8.09594,1,0.00629182
379,193.612,361.2,-61.8129,35,368.119,0.0900679,0.797848,8.09737,-0.00972866,8.09738,1,0.00638606
380,194.123,361.2,-61.302,35,368.033,0.0900232,0.797328,8.09874,-0.00934165,8.09875,1,0.00647721
381,194.634,361.2,-60.7911,35,367.948,0.0899787,0.796809,8.10012,-0.00895444,8.10012,1,0.00656939
382,195.145,361.2,-60.2803,35,367.864,0.0899462,0.796424,8.10109,-0.00857323,8.1011,1,0.00664136
383,195.656,361.2,-59.7695,35,367.781,0.0899146,0.796051,8.10203,-0.00819255,8.10204,1,0.00671151
384,196.166,361.2,-59.2586,35,367.698,0.0898832,0.795679,8.10298,-0.00781161,8.10298,1,0.00678271
385,196.677,361.2,-58.7477,35,367.616,0.089863,0.79543,8.10353,-0.00743371,8.10353,1,0.00683102
386,197.188,361.2,-58.2369,35,367.535,0.0898429,0.795182,8.10407,-0.00705586,8.10408,1,0.00687893
387,197.699,361.2,-57.7261,35,367.454,0.0898235,0.794941,8.1046,-0.00667761,8.10461,1,0.00692677
388,198.21,361.2,-57.2152,35,367.375,0.0898139,0.794806,8.10478,-0.00629873,8.10478,1,0.00695169
389,198.721,361.2,-56.7043,35,367.295,0.0898043,0.79467,8.10495,-0.00591984,8.10495,1,0.00697662
390,199.232,361.2,-56.1935,35,367.217,0.0897959,0.794547,8.10508,-0.00553996,8.10509,1,0.00699987
391,199.742,361.2,-55.6827,35,367.139,0.0897962,0.794516,8.1049,-0.00515633,8.1049,1,0.00700115
392,200.253,361.2,-55.1718,35,367.062,0.0897965,0.794485,8.10471,-0.00477269,8.10471,1,0.00700242
393,200.764,361.2,-54.6609,35,366.985,0.0897985,0.794472,8.10446,-0.00438697,8.10447,1,0.00700041
394,201.275,361.2,-54.1501,35,366.91,0.0898086,0.794543,8.10392,-0.00399494,8.10392,1,0.00697769
395,201.786,361.2,-53.6393,35,366.835,0.0898186,0.794615,8.10337,-0.00360291,8.10338,1,0.00695497
396,202.297,361.2,-53.1284,35,366.76,0.089831,0.794711,8.10275,-0.00320722,8.10275,1,0.00692733
397,202.807,361.2,-52.6175,35,366.687,0.0898511,0.794889,8.10184,-0.00280315,8.10185,1,0.00688042
398,203.318,361.2,-52.1067,35,366.614,0.0898712,0.795066,8.10094,-0.00239908,8.10094,1,0.00683351
399,203.829,361.2,-51.5959,35,366.541,0.0898944,0.795278,8.09992,-0.00198916,8.09993,1,0.00678007
400,204.34,361.2,-51.085,35,366.47,0.0899252,0.79557,8.09864,-0.00156915,8.09864,1,0.00670896
401,204.851,361.2,-50.5742,35,366.399,0.089956,0.795863,8.09736,-0.00114906,8.09736,1,0.00663791
402,205.362,361.2,-50.0633,35,366.329,0.089991,0.796203,8.09594,-0.000720724,8.09594,1,0.00655867
403,205.873,361.2,-49.5525,35,366.259,0.0900336,0.796626,8.09425,-0.000281078,8.09426,1,0.00646355
404,206.383,361.2,-49.0416,35,366.191,0.0900762,0.797049,8.09257,0.000158831,8.09257,1,0.00636852
405,206.894,361.2,-48.5308,35,366.122,0.0901246,0.797537,8.09071,0.000609879,8.09071,1,0.00626374
406,207.405,361.2,-48.0199,35,366.055,0.0901808,0.798114,8.08859,0.00107308,8.08859,1,0.00614495
407,207.916,361.2,-47.5091,35,365.988,0.0902369,0.79869,8.08647,0.00153676,8.08647,1,0.00602628
408,208.427,361.2,-46.9982,35,365.923,0.0903008,0.799356,8.08412,0.00201495,8.08412,1,0.00589645
409,208.938,361.2,-46.4874,35,365.857,0.0903729,0.800116,8.08152,0.00250579,8.08152,1,0.00575453
410,209.449,361.2,-45.9765,35,365.793,0.0904448,0.800875,8.07892,0.0029974,8.07892,1,0.00561273
411,209.959,361.2,-45.4656,35,365.729,0.0905272,0.80176,8.07602,0.00350751,8.07602,1,0.00545857
412,210.47,361.2,-44.9548,35,365.666,0.0906181,0.802744,8.07287,0.00403044,8.07288,1,0.00529425
413,210.981,361.2,-44.444,35,365.603,0.0907088,0.803728,8.06974,0.00455448,8.06974,1,0.00513002
414,211.492,361.2,-43.9331,35,365.541,0.0908137,0.804885,8.06621,0.00510181,8.06622,1,0.00495246
415,212.003,361.2,-43.4222,35,365.48,0.0909274,0.806148,8.06245,0.00566186,8.06245,1,0.00476663
416,212.514,361.2,-42.9114,35,365.42,0.091041,0.80741,8.05869,0.00622341,8.05869,1,0.0045808
417,213.024,361.2,-42.4006,35,365.36,0.0911737,0.808911,8.05444,0.00681414,8.05444,1,0.00438096
418,213.535,361.2,-41.8897,35,365.302,0.0913154,0.810524,8.04996,0.00741717,8.04996,1,0.00417465
419,214.046,361.2,-41.3788,35,365.243,0.0914569,0.812135,8.04548,0.00802215,8.04549,1,0.00396822
420,214.557,361.2,-40.868,35,365.186,0.0916245,0.814079,8.04037,0.00866373,8.04038,1,0.00374739
421,215.068,361.2,-40.3572,35,365.129,0.0918011,0.816137,8.03504,0.00931678,8.03505,1,0.00352176
422,215.579,361.2,-39.8463,35,365.073,0.0919773,0.818191,8.02973,0.00997229,8.02973,1,0.00329585
423,216.09,361.2,-39.3354,35,365.017,0.0921894,0.82071,8.02358,0.0106739,8.02359,1,0.00305518
424,216.6,361.2,-38.8246,35,364.963,0.09241,0.823339,8.01724,0.0113857,8.01725,1,0.00281115
425,217.111,361.2,-38.3138,35,364.909,0.09263,0.825962,8.01092,0.0121005,8.01093,1,0.00256662
426,217.622,361.2,-37.8029,35,364.855,0.0928997,0.829241,8.00351,0.0128738,8.00352,1,0.00230696
427,218.133,361.2,-37.292,35,364.803,0.0931765,0.832614,7.99595,0.0136551,7.99596,1,0.0020452
428,218.644,361.2,-36.7812,35,364.751,0.0934525,0.835977,7.98841,0.01444,7.98842,1,0.0017827
429,219.155,361.2,-36.2704,35,364.7,0.0937978,0.840273,7.97943,0.0152996,7.97944,1,0.00150438
430,219.665,361.2,-35.7595,35,364.649,0.0941477,0.844629,7.97036,0.0161638,7.97037,1,0.00122507
431,220.176,361.2,-35.2486,35,364.6,0.0944965,0.848973,7.96131,0.0170328,7.96133,1,0.000944686
432,220.687,361.2,-34.7378,35,364.551,0.0949428,0.854652,7.95036,0.0179964,7.95038,1,0.00064717
433,221.198,361.2,-34.227,35,364.502,0.0953891,0.860331,7.93941,0.01896,7.93943,1,0.000349654
434,221.709,361.2,-33.7161,35,364.455,0.0958421,0.866107,7.92834,0.0199366,7.92837,1,4.95599e-05
435,222.22,361.2,-33.2052,35,364.408,0.0964179,0.873598,7.91502,0.0210193,7.91505,1,-0.000267767
436,222.731,361.2,-32.6944,35,364.362,0.0969937,0.88109,7.9017,0.0221021,7.90173,1,-0.000585093
437,223.241,361.2,-32.1836,35,364.316,0.0975897,0.888874,7.88803,0.0232092,7.88807,1,-0.000906819
438,223.752,361.2,-31.6727,35,364.271,0.0983422,0.898897,7.87169,0.024434,7.87172,1,-0.00124646
439,224.263,361.2,-31.1618,35,364.227,0.0990948,0.908921,7.85534,0.0256589,7.85538,1,-0.0015861
440,224.774,361.2,-30.651,35,364.184,0.0998909,0.919586,7.8383,0.0269236,7.83834,1,-0.00193234
441,225.285,361.2,-30.1402,35,364.141,0.100889,0.933213,7.81805,0.0283171,7.8181,1,-0.00229667
442,225.796,361.2,-29.6293,35,364.099,0.101887,0.946841,7.79781,0.0297105,7.79787,1,-0.00266101
443,226.307,361.2,-29.1185,35,364.058,0.102967,0.961712,7.77634,0.0311633,7.77641,1,-0.00303396
444,226.817,361.2,-28.6076,35,364.018,0.104306,0.980499,7.75109,0.0327518,7.75116,1,-0.003423
445,227.328,361.2,-28.0968,35,363.978,0.105645,0.999284,7.72584,0.0343405,7.72592,1,-0.00381206
446,227.839,361.2,-27.5859,35,363.939,0.107125,1.02027,7.69864,0.0360094,7.69872,1,-0.00421004
447,228.35,361.2,-27.0751,35,363.9,0.108927,1.04628,7.66707,0.0378116,7.66717,1,-0.00461811
448,228.861,361.2,-26.5642,35,363.863,0.110728,1.07227,7.63551,0.0396154,7.63562,1,-0.00502656
449,229.372,361.2,-26.0534,35,363.826,0.112752,1.10182,7.60106,0.041513,7.60118,1,-0.00544015
450,229.883,361.2,-25.5425,35,363.79,0.115149,1.13738,7.56183,0.0435257,7.56196,1,-0.0058541
451,230.393,361.2,-25.0317,35,363.754,0.117545,1.17292,7.52261,0.0455426,7.52275,1,-0.00626886
452,230.904,361.2,-24.5208,35,363.719,0.120249,1.21348,7.4795,0.0476438,7.47965,1,-0.00668061
453,231.415,361.2,-24.01,35,363.685,0.123343,1.26043,7.43155,0.0498146,7.43172,1,-0.00708215
454,231.926,361.2,-23.4991,35,363.652,0.126436,1.30737,7.38359,0.0519938,7.38378,1,-0.00748495
455,232.437,361.2,-22.9883,35,363.619,0.129884,1.36004,7.33103,0.0542057,7.33123,1,-0.00787267
456,232.948,361.2,-22.4774,35,363.587,0.133672,1.4182,7.27413,0.0564159,7.27435,1,-0.00824119
457,233.458,361.2,-21.9666,35,363.556,0.137464,1.47643,7.21716,0.0586399,7.2174,1,-0.00861121
458,233.969,361.2,-21.4557,35,363.526,0.141566,1.53907,7.15555,0.060806,7.15581,1,-0.00895149
459,234.48,361.2,-20.9449,35,363.496,0.145889,1.60482,7.09065,0.0629004,7.09094,1,-0.00926679
460,234.991,361.2,-20.434,35,363.467,0.150223,1.67078,7.02561,0.065014,7.02591,1,-0.00958358
461,235.502,361.2,-19.9232,35,363.438,0.154712,1.73712,6.95669,0.0669158,6.95702,1,-0.00985727
462,236.013,361.2,-19.4123,35,363.411,0.159274,1.80344,6.88579,0.068676,6.88614,1,-0.010105
463,236.524,361.2,-18.9015,35,363.384,0.163857,1.87011,6.81462,0.0704592,6.81499,1,-0.0103536
464,237.034,361.2,-18.3906,35,363.357,0.168363,1.93119,6.74091,0.0719158,6.7413,1,-0.0105453
465,237.545,361.2,-17.8797,35,363.332,0.172821,1.98968,6.66631,0.0732195,6.66672,1,-0.0107125
466,238.056,361.2,-17.3689,35,363.307,0.177308,2.04857,6.59133,0.0745446,6.59176,1,-0.0108801
467,238.567,361.2,-16.858,35,363.283,0.181477,2.09585,6.51527,0.0753912,6.51572,1,-0.010984
468,239.078,361.2,-16.3472,35,363.26,0.18554,2.13946,6.43904,0.0760849,6.4395,1,-0.0110685
469,239.589,361.2,-15.8364,35,363.237,0.189631,2.18336,6.36233,0.0767961,6.3628,1,-0.0111516
470,240.1,361.2,-15.3255,35,363.215,0.193199,2.21111,6.28595,0.0769573,6.28643,1,-0.011161
471,240.61,361.2,-14.8147,35,363.194,0.196655,2.23552,6.20974,0.0770032,6.21023,1,-0.0111557
472,241.121,361.2,-14.3038,35,363.174,0.200136,2.25997,6.13297,0.0770584,6.13347,1,-0.011149
473,241.632,361.2,-13.793,35,363.154,0.202941,2.2662,6.05793,0.0764897,6.05843,1,-0.0110791
474,242.143,361.2,-13.2821,35,363.135,0.205665,2.27029,5.98314,0.0758467,5.98363,1,-0.0110019
475,242.654,361.2,-12.7712,35,363.116,0.208406,2.27409,5.90774,0.0751995,5.90822,1,-0.0109209
476,243.165,361.2,-12.2604,35,363.099,0.210363,2.25991,5.83551,0.0738981,5.83598,1,-0.010771
477,243.675,361.2,-11.7495,35,363.082,0.212285,2.24495,5.76343,0.0725684,5.7639,1,-0.0106182
478,244.186,361.2,-11.2387,35,363.066,0.214195,2.22907,5.69081,0.0712098,5.69126,1,-0.0104595
479,244.697,361.2,-10.7278,35,363.05,0.215307,2.19849,5.62278,0.0692791,5.62321,1,-0.0102555
480,245.208,361.2,-10.217,35,363.036,0.21642,2.16791,5.55475,0.0673485,5.55516,1,-0.0100515
481,245.719,361.2,-9.70615,35,363.022,0.217463,2.13569,5.4866,0.0653416,5.487,1,-0.0098385
482,246.23,361.2,-9.1953,35,363.008,0.217823,2.09446,5.42408,0.0628182,5.42445,1,-0.00959688
483,246.741,361.2,-8.68445,35,362.996,0.218184,2.05322,5.36155,0.0602948,5.3619,1,-0.00935525
484,247.251,361.2,-8.1736,35,362.984,0.218438,2.01052,5.29957,0.0576673,5.29989,1,-0.00910546
485,247.762,361.2,-7.66275,35,362.973,0.218171,1.96441,5.24413,0.0546625,5.24443,1,-0.00885074
486,248.273,361.2,-7.1519,35,362.962,0.217905,1.9183,5.1887,0.0516576,5.18896,1,-0.00859603
487,248.784,361.2,-6.64105,35,362.953,0.217533,1.87181,5.1347,0.0485356,5.13494,1,-0.00833711
488,249.295,361.2,-6.1302,35,362.944,0.216844,1.82685,5.088,0.0451439,5.08821,1,-0.00809227
489,249.806,361.2,-5.61935,35,362.935,0.216155,1.7819,5.0413,0.0417522,5.04148,1,-0.00784744
490,250.316,361.2,-5.1085,35,362.928,0.215407,1.73833,4.99712,0.0382534,4.99727,1,-0.00760659
491,250.827,361.2,-4.59765,35,362.921,0.214553,1.69992,4.96068,0.0345937,4.96081,1,-0.00739779
492,251.338,361.2,-4.0868,35,362.915,0.213698,1.6615,4.92424,0.0309331,4.92434,1,-0.00718879
493,251.849,361.2,-3.57595,35,362.909,0.212869,1.6265,4.8915,0.027189,4.89158,1,-0.00699556
494,252.36,361.2,-3.0651,35,362.905,0.212113,1.59873,4.86655,0.0233613,4.86662,1,-0.0068471
495,252.871,361.2,-2.55425,35,362.901,0.211357,1.57096,4.84159,0.0195306,4.84164,1,-0.00669815
496,253.382,361.2,-2.0434,35,362.898,0.210725,1.54849,4.82151,0.0156489,4.82154,1,-0.00657896
497,253.892,361.2,-1.53255,35,362.895,0.210287,1.53401,4.80886,0.0117358,4.80889,1,-0.006511
498,254.403,361.2,-1.0217,35,362.893,0.209848,1.51953,4.79621,0.00781869,4.79622,1,-0.00644262
499,254.914,361.2,-0.51085,35,362.892,0.209615,1.51185,4.78947,0.00387962,4.78948,1,-0.00641578
500,255.425,361.2,0,35,362.892,0.209617,1.51192,4.78953,-5.93201e-05,4.78954,1,-0.00643881
501,255.936,361.2,0.51085,35,362.892,0.209619,1.51199,4.78959,-0.00400341,4.78959,1,-0.00646192
502,256.447,361.2,1.0217,35,362.893,0.209856,1.5198,4.7964,-0.0079404,4.79641,1,-0.00653288
503,256.958,361.2,1.53255,35,362.895,0.210298,1.5344,4.80915,-0.0118547,4.80917,1,-0.00664571
504,257.468,361.2,2.0434,35,362.898,0.210741,1.54902,4.82193,-0.0157764,4.82196,1,-0.00675952
505,257.979,361.2,2.55425,35,362.901,0.211372,1.57153,4.84204,-0.0196512,4.84209,1,-0.00691968
506,258.49,361.2,3.0651,35,362.905,0.212129,1.5994,4.86709,-0.0234814,4.86715,1,-0.00710963
507,259.001,361.2,3.57595,35,362.909,0.212889,1.62731,4.8922,-0.0273228,4.89228,1,-0.0073017
508,259.512,361.2,4.0868,35,362.915,0.213721,1.66243,4.92508,-0.031081,4.92519,1,-0.00753544
509,260.023,361.2,4.59765,35,362.921,0.214575,1.70091,4.96161,-0.0347448,4.96174,1,-0.00778076
510,260.534,361.2,5.1085,35,362.928,0.215428,1.73937,4.99812,-0.0384076,4.99828,1,-0.00802586
511,261.044,361.2,5.61935,35,362.935,0.216174,1.78297,5.04236,-0.0419101,5.04255,1,-0.00829871
512,261.555,361.2,6.1302,35,362.944,0.216861,1.82794,5.08912,-0.0453054,5.08933,1,-0.00857351
513,262.066,361.2,6.64105,35,362.953,0.217547,1.87291,5.13588,-0.0487008,5.13611,1,-0.0088483
514,262.577,361.2,7.1519,35,362.962,0.217915,1.91937,5.18991,-0.0518267,5.19018,1,-0.00913168
515,263.088,361.2,7.66275,35,362.973,0.218177,1.96545,5.24538,-0.0548355,5.24568,1,-0.00940915
516,263.599,361.2,8.1736,35,362.984,0.21844,2.01153,5.30085,-0.0578443,5.30117,1,-0.00968661
517,264.109,361.2,8.68445,35,362.996,0.218181,2.05418,5.36285,-0.0604758,5.3632,1,-0.00995288
518,264.62,361.2,9.1953,35,363.008,0.217817,2.09535,5.42539,-0.0630032,5.42577,1,-0.0102098
519,265.131,361.2,9.70615,35,363.022,0.217452,2.13651,5.48794,-0.0655305,5.48834,1,-0.0104667
520,265.642,361.2,10.217,35,363.036,0.216405,2.16865,5.55609,-0.0675416,5.55651,1,-0.010688
521,266.153,361.2,10.7278,35,363.05,0.215288,2.19915,5.62412,-0.0694764,5.62456,1,-0.0108996
522,266.664,361.2,11.2387,35,363.066,0.214172,2.22964,5.69215,-0.0714112,5.69261,1,-0.0111112
523,267.175,361.2,11.7495,35,363.082,0.212259,2.24543,5.76476,-0.0727737,5.76523,1,-0.0112706
524,267.685,361.2,12.2604,35,363.099,0.210333,2.2603,5.83683,-0.0741073,5.83732,1,-0.011424
525,268.196,361.2,12.7712,35,363.116,0.208373,2.27439,5.90906,-0.0754126,5.90955,1,-0.0115742
526,268.707,361.2,13.2821,35,363.135,0.205629,2.27049,5.98445,-0.0760633,5.98494,1,-0.0116489
527,269.218,361.2,13.793,35,363.154,0.202903,2.26631,6.05922,-0.0767098,6.05972,1,-0.0117201
528,269.729,361.2,14.3038,35,363.174,0.200095,2.25999,6.13425,-0.077282,6.13474,1,-0.0117832
529,270.24,361.2,14.8147,35,363.194,0.196613,2.23546,6.21099,-0.0772307,6.21149,1,-0.0117772
530,270.75,361.2,15.3255,35,363.215,0.193155,2.21097,6.28719,-0.0771887,6.28767,1,-0.0117701
531,271.261,361.2,15.8364,35,363.237,0.189585,2.18314,6.36354,-0.0770313,6.36401,1,-0.0117475
532,271.772,361.2,16.3472,35,363.26,0.185493,2.13917,6.44023,-0.0763235,6.44069,1,-0.0116477
533,272.283,361.2,16.858,35,363.283,0.181429,2.0955,6.51644,-0.0756333,6.51689,1,-0.0115468
534,272.794,361.2,17.3689,35,363.307,0.177259,2.04816,6.59246,-0.0747899,6.5929,1,-0.0114253
535,273.305,361.2,17.8797,35,363.332,0.172773,1.98922,6.66742,-0.0734676,6.66783,1,-0.011237
536,273.816,361.2,18.3906,35,363.357,0.168314,1.93069,6.74199,-0.0721667,6.74238,1,-0.0110493
537,274.326,361.2,18.9015,35,363.384,0.163808,1.86957,6.81567,-0.0707129,6.81604,1,-0.0108365
538,274.837,361.2,19.4123,35,363.411,0.159226,1.80289,6.88681,-0.0689325,6.88716,1,-0.0105656
539,275.348,361.2,19.9232,35,363.438,0.154665,1.73655,6.95768,-0.067175,6.95801,1,-0.0102957
540,275.859,361.2,20.434,35,363.467,0.150177,1.67019,7.02656,-0.0652759,7.02687,1,-0.0099997
541,276.37,361.2,20.9449,35,363.496,0.145843,1.60424,7.09157,-0.0631647,7.09186,1,-0.00966053
542,276.881,361.2,21.4557,35,363.526,0.141522,1.5385,7.15643,-0.0610727,7.1567,1,-0.00932296
543,277.392,361.2,21.9666,35,363.556,0.137421,1.47587,7.218,-0.0589088,7.21825,1,-0.008961
544,277.902,361.2,22.4774,35,363.587,0.133632,1.41766,7.27493,-0.0566869,7.27516,1,-0.00857031
545,278.413,361.2,22.9883,35,363.619,0.129846,1.35953,7.3318,-0.0544789,7.33201,1,-0.00818117
546,278.924,361.2,23.4991,35,363.652,0.1264,1.30688,7.38433,-0.052269,7.38452,1,-0.00777418
547,279.435,361.2,24.01,35,363.685,0.123309,1.25997,7.43225,-0.0500914,7.43242,1,-0.00735361
548,279.946,361.2,24.5208,35,363.719,0.120218,1.21306,7.48015,-0.0479224,7.48031,1,-0.00693432
549,280.457,361.2,25.0317,35,363.754,0.117516,1.17252,7.52323,-0.0458228,7.52337,1,-0.00650651
550,280.967,361.2,25.5425,35,363.79,0.115122,1.13702,7.56242,-0.0438073,7.56255,1,-0.00607715
551,281.478,361.2,26.0534,35,363.826,0.112726,1.10149,7.60161,-0.041796,7.60173,1,-0.00564861
552,281.989,361.2,26.5642,35,363.863,0.110705,1.07196,7.63603,-0.0398996,7.63614,1,-0.00522238
553,282.5,361.2,27.0751,35,363.9,0.108905,1.046,7.66756,-0.0380968,7.66765,1,-0.00480244
554,283.011,361.2,27.5859,35,363.939,0.107105,1.02002,7.69909,-0.0362957,7.69917,1,-0.00438285
555,283.522,361.2,28.0968,35,363.978,0.105627,0.999054,7.72627,-0.0346277,7.72634,1,-0.00397522
556,284.033,361.2,28.6076,35,364.018,0.104289,0.98029,7.75149,-0.0330399,7.75156,1,-0.00357731
557,284.543,361.2,29.1185,35,364.058,0.102952,0.961524,7.77671,-0.0314521,7.77678,1,-0.00317943
558,285.054,361.2,29.6293,35,364.099,0.101873,0.946669,7.79816,-0.03,7.79821,1,-0.00279902
559,285.565,361.2,30.1402,35,364.141,0.100876,0.933057,7.81838,-0.0286071,7.81843,1,-0.00242769
560,286.076,361.2,30.651,35,364.184,0.0998794,0.919444,7.8386,-0.0272141,7.83865,1,-0.00205637
561,286.587,361.2,31.1618,35,364.227,0.0990842,0.908791,7.85562,-0.0259498,7.85567,1,-0.0017043
562,287.098,361.2,31.6727,35,364.271,0.0983324,0.898779,7.87195,-0.0247253,7.87199,1,-0.0013591
563,287.609,361.2,32.1836,35,364.316,0.0975807,0.888766,7.88828,-0.0235007,7.88832,1,-0.0010139
564,288.119,361.2,32.6944,35,364.362,0.0969854,0.880991,7.90193,-0.0223938,7.90196,1,-0.000687584
565,288.63,361.2,33.2052,35,364.408,0.0964102,0.873508,7.91524,-0.0213112,7.91527,1,-0.000365796
566,289.141,361.2,33.7161,35,364.455,0.0958351,0.866024,7.92855,-0.0202286,7.92857,1,-4.40071e-05
567,289.652,361.2,34.227,35,364.502,0.0953826,0.860255,7.9396,-0.0192521,7.93962,1,0.000259759
568,290.163,361.2,34.7378,35,364.551,0.0949367,0.854582,7.95054,-0.0182884,7.95056,1,0.000560908
569,290.674,361.2,35.2486,35,364.6,0.0944909,0.848909,7.96148,-0.0173247,7.9615,1,0.000862057
570,291.185,361.2,35.7595,35,364.649,0.0941425,0.844569,7.97051,-0.0164557,7.97053,1,0.0011454
571,291.695,361.2,36.2704,35,364.7,0.093793,0.840217,7.97957,-0.0155913,7.97959,1,0.00142767
572,292.206,361.2,36.7812,35,364.751,0.093448,0.835927,7.98854,-0.0147317,7.98856,1,0.00170891
573,292.717,361.2,37.292,35,364.803,0.0931724,0.832566,7.99607,-0.0139465,7.99609,1,0.00197387
574,293.228,361.2,37.8029,35,364.855,0.0928958,0.829197,8.00363,-0.013165,8.00364,1,0.00223809
575,293.739,361.2,38.3138,35,364.909,0.0926264,0.825922,8.01103,-0.0123915,8.01104,1,0.00250015
576,294.25,361.2,38.8246,35,364.963,0.0924067,0.823301,8.01734,-0.0116765,8.01735,1,0.00274674
577,294.76,361.2,39.3354,35,365.017,0.0921864,0.820676,8.02368,-0.0109645,8.02369,1,0.00299282
578,295.271,361.2,39.8463,35,365.073,0.0919745,0.818159,8.02982,-0.0102626,8.02982,1,0.00323549
579,295.782,361.2,40.3572,35,365.129,0.0917985,0.816107,8.03512,-0.00960677,8.03513,1,0.00346314
580,296.293,361.2,40.868,35,365.186,0.0916221,0.814052,8.04045,-0.00895342,8.04045,1,0.0036905
581,296.804,361.2,41.3788,35,365.243,0.0914547,0.81211,8.04555,-0.00831155,8.04556,1,0.003913
582,297.315,361.2,41.8897,35,365.302,0.0913134,0.810501,8.05002,-0.00770624,8.05002,1,0.00412092
583,297.826,361.2,42.4006,35,365.36,0.0911718,0.80889,8.0545,-0.00710289,8.0545,1,0.00432872
584,298.336,361.2,42.9114,35,365.42,0.0910392,0.80739,8.05874,-0.00651183,8.05875,1,0.00452999
585,298.847,361.2,43.4222,35,365.48,0.0909259,0.80613,8.0625,-0.00594994,8.0625,1,0.00471711
586,299.358,361.2,43.9331,35,365.541,0.0908123,0.804868,8.06626,-0.00538954,8.06626,1,0.00490423
587,299.869,361.2,44.444,35,365.603,0.0907075,0.803713,8.06977,-0.00484187,8.06978,1,0.00508301
588,300.38,361.2,44.9548,35,365.666,0.0906169,0.80273,8.07291,-0.00431748,8.07291,1,0.00524837
589,300.891,361.2,45.4656,35,365.729,0.0905261,0.801746,8.07605,-0.00379419,8.07605,1,0.0054138
590,301.401,361.2,45.9765,35,365.793,0.0904438,0.800863,8.07894,-0.00328372,8.07895,1,0.00556903
591,301.912,361.2,46.4874,35,365.857,0.090372,0.800105,8.08154,-0.00279175,8.08154,1,0.00571181
592,302.423,361.2,46.9982,35,365.923,0.0903,0.799346,8.08414,-0.00230054,8.08414,1,0.00585471
593,302.934,361.2,47.5091,35,365.988,0.0902363,0.798681,8.08648,-0.00182199,8.08649,1,0.00598547
594,303.445,361.2,48.0199,35,366.055,0.0901802,0.798105,8.0886,-0.00135795,8.0886,1,0.00610502
595,303.956,361.2,48.5308,35,366.122,0.0901241,0.79753,8.09072,-0.000894384,8.09072,1,0.00622469
596,304.467,361.2,49.0416,35,366.191,0.0900758,0.797042,8.09258,-0.000442968,8.09258,1,0.0063303
597,304.977,361.2,49.5525,35,366.259,0.0900333,0.79662,8.09426,-2.69121e-06,8.09426,1,0.00642611
598,305.488,361.2,50.0633,35,366.329,0.0899907,0.796197,8.09594,0.000437324,8.09594,1,0.00652203
599,305.999,361.2,50.5742,35,366.399,0.0899557,0.795858,8.09736,0.000866011,8.09736,1,0.00660202
600,306.51,361.2,51.085,35,366.47,0.089925,0.795566,8.09863,0.00128646,8.09864,1,0.00667382
601,307.021,361.2,51.5959,35,366.541,0.0898943,0.795274,8.09991,0.00170682,8.09992,1,0.00674566
602,307.532,361.2,52.1067,35,366.614,0.0898712,0.795063,8.10093,0.00211711,8.10093,1,0.00679981
603,308.043,361.2,52.6175,35,366.687,0.0898511,0.794886,8.10183,0.00252155,8.10183,1,0.00684742
604,308.553,361.2,53.1284,35,366.76,0.0898311,0.794709,8.10273,0.00292599,8.10274,1,0.00689503
605,309.064,361.2,53.6393,35,366.835,0.0898188,0.794613,8.10335,0.00332203,8.10336,1,0.00692336
606,309.575,361.2,54.1501,35,366.91,0.0898088,0.794542,8.1039,0.0037144,8.1039,1,0.00694677
607,310.086,361.2,54.6609,35,366.985,0.0897988,0.794472,8.10444,0.00410678,8.10444,1,0.00697017
608,310.597,361.2,55.1718,35,367.062,0.0897969,0.794485,8.10468,0.00449284,8.10468,1,0.00697289
609,311.108,361.2,55.6827,35,367.139,0.0897966,0.794517,8.10487,0.00487682,8.10487,1,0.00697231
610,311.618,361.2,56.1935,35,367.217,0.0897963,0.794548,8.10505,0.0052608,8.10505,1,0.00697174
611,312.129,361.2,56.7043,35,367.295,0.0898048,0.794672,8.10491,0.00564101,8.10492,1,0.00694922
612,312.64,361.2,57.2152,35,367.375,0.0898144,0.794808,8.10474,0.00602023,8.10474,1,0.00692505
613,313.151,361.2,57.7261,35,367.454,0.0898241,0.794944,8.10456,0.00639945,8.10457,1,0.00690087
614,313.662,361.2,58.2369,35,367.535,0.0898436,0.795185,8.10403,0.00677804,8.10404,1,0.00685384
615,314.173,361.2,58.7477,35,367.616,0.0898637,0.795433,8.10348,0.00715622,8.10349,1,0.00680674
616,314.684,361.2,59.2586,35,367.698,0.089884,0.795683,8.10293,0.00753445,8.10293,1,0.00675925
617,315.194,361.2,59.7695,35,367.781,0.0899154,0.796055,8.10198,0.00791571,8.10199,1,0.00668897
618,315.705,361.2,60.2803,35,367.864,0.089947,0.796429,8.10104,0.00829671,8.10104,1,0.00661973
619,316.216,361.2,60.7911,35,367.948,0.0899797,0.796814,8.10006,0.00867825,8.10007,1,0.00654869
620,316.727,361.2,61.302,35,368.033,0.0900243,0.797334,8.09868,0.00906579,8.09869,1,0.00645756
621,317.238,361.2,61.8129,35,368.119,0.090069,0.797855,8.09731,0.00945313,8.09732,1,0.00636746
622,317.749,361.2,62.3237,35,368.205,0.0901159,0.798401,8.09587,0.00984195,8.09587,1,0.00627431
623,318.26,361.2,62.8345,35,368.292,0.0901758,0.799098,8.09402,0.0102394,8.09403,1,0.0061639
624,318.77,361.2,63.3454,35,368.379,0.0902358,0.799797,8.09216,0.0106367,8.09217,1,0.00605447
625,319.281,361.2,63.8563,35,368.467,0.0902997,0.80054,8.0902,0.0110369,8.09021,1,0.00594103
626,319.792,361.2,64.3671,35,368.556,0.090378,0.801457,8.08782,0.011448,8.08783,1,0.00581331
627,320.303,361.2,64.878,35,368.646,0.0904565,0.802375,8.08543,0.0118589,8.08544,1,0.00568654
628,320.814,361.2,65.3888,35,368.736,0.090541,0.803368,8.08287,0.0122747,8.08289,1,0.00555512
629,321.325,361.2,65.8997,35,368.827,0.0906419,0.804562,8.07987,0.0127032,8.07989,1,0.0054125
630,321.836,361.2,66.4105,35,368.918,0.090743,0.805758,8.07687,0.0131315,8.07688,1,0.00527077
631,322.346,361.2,66.9213,35,369.011,0.0908533,0.807071,8.07363,0.0135672,8.07364,1,0.00512418
632,322.857,361.2,67.4322,35,369.104,0.0909825,0.808621,8.06991,0.014017,8.06992,1,0.00496947
633,323.368,361.2,67.9431,35,369.197,0.0911118,0.810174,8.06619,0.0144667,8.0662,1,0.00481557
634,323.879,361.2,68.4539,35,369.292,0.0912552,0.81191,8.06213,0.0149269,8.06215,1,0.00465707
635,324.39,361.2,68.9648,35,369.387,0.0914203,0.813927,8.05756,0.0154025,8.05758,1,0.00449342
636,324.901,361.2,69.4756,35,369.482,0.0915856,0.815946,8.05299,0.0158779,8.05301,1,0.00433046
637,325.411,361.2,69.9865,35,369.579,0.091772,0.818248,8.04795,0.0163677,8.04797,1,0.00416365
638,325.922,361.2,70.4973,35,369.676,0.0919837,0.820884,8.04236,0.0168737,8.04238,1,0.00399439
639,326.433,361.2,71.0081,35,369.774,0.0921956,0.823523,8.03676,0.0173796,8.03678,1,0.00382571
640,326.944,361.2,71.519,35,369.872,0.0924393,0.826597,8.03051,0.0179047,8.03054,1,0.00365429
641,327.455,361.2,72.0299,35,369.971,0.0927124,0.830069,8.02366,0.0184464,8.02368,1,0.00348273
642,327.966,361.2,72.5407,35,370.071,0.0929857,0.833543,8.0168,0.018988,8.01683,1,0.0033116
643,328.477,361.2,73.0516,35,370.172,0.0933067,0.837684,8.00903,0.0195548,8.00906,1,0.00313903
644,328.987,361.2,73.5624,35,370.273,0.0936619,0.842296,8.0006,0.0201379,8.00063,1,0.00296806
645,329.498,361.2,74.0732,35,370.375,0.0940171,0.84691,7.99217,0.020721,7.99219,1,0.00279735
646,330.009,361.2,74.5841,35,370.477,0.0944443,0.852545,7.98243,0.0213359,7.98246,1,0.00262622
647,330.52,361.2,75.0949,35,370.58,0.0949103,0.858728,7.97199,0.0219662,7.97202,1,0.00245773
648,331.031,361.2,75.6058,35,370.684,0.0953764,0.864912,7.96155,0.0225964,7.96158,1,0.00228933
649,331.542,361.2,76.1167,35,370.789,0.0959499,0.872649,7.94926,0.0232649,7.9493,1,0.00212049
650,332.052,361.2,76.6275,35,370.894,0.0965662,0.880999,7.93623,0.0239464,7.93626,1,0.00195434
651,332.563,361.2,77.1384,35,371,0.0971825,0.889349,7.92319,0.0246279,7.92323,1,0.00178819
652,333.074,361.2,77.6492,35,371.106,0.0979565,0.900015,7.90755,0.0253523,7.90759,1,0.00161935
653,333.585,361.2,78.16,35,371.213,0.0987741,0.911316,7.89116,0.026086,7.89121,1,0.00145243
654,334.096,361.2,78.6709,35,371.321,0.0995918,0.922616,7.87478,0.0268198,7.87483,1,0.0012855
655,334.607,361.2,79.1817,35,371.43,0.10063,0.937192,7.85482,0.0275925,7.85487,1,0.00111169
656,335.118,361.2,79.6926,35,371.539,0.101706,0.952329,7.83423,0.0283691,7.83428,1,0.000939062
657,335.628,361.2,80.2035,35,371.649,0.102782,0.967466,7.81363,0.0291456,7.81368,1,0.00076644
658,336.139,361.2,80.7143,35,371.76,0.104138,0.986796,7.78843,0.0299457,7.78848,1,0.000581757
659,336.65,361.2,81.2252,35,371.871,0.105518,1.00647,7.76281,0.0307443,7.76287,1,0.000398115
660,337.161,361.2,81.736,35,371.983,0.106898,1.02614,7.73719,0.0315428,7.73725,1,0.000214473
661,337.672,361.2,82.2468,35,372.095,0.108591,1.05042,7.70612,0.032327,7.70619,1,1.33362e-05
662,338.183,361.2,82.7577,35,372.209,0.110284,1.0747,7.67499,0.0331066,7.67506,1,-0.000186207
663,338.694,361.2,83.2686,35,372.323,0.111988,1.09912,7.64365,0.0338842,7.64372,1,-0.000386531
664,339.204,361.2,83.7794,35,372.437,0.113957,1.12719,7.60695,0.0346059,7.60703,1,-0.000606455
665,339.715,361.2,84.2903,35,372.552,0.115917,1.15509,7.57038,0.0353232,7.57046,1,-0.000824503
666,340.226,361.2,84.8011,35,372.668,0.117894,1.18317,7.5333,0.0360278,7.53339,1,-0.00104443
667,340.737,361.2,85.312,35,372.785,0.120023,1.21274,7.49186,0.0366148,7.49195,1,-0.00128009
668,341.248,361.2,85.8228,35,372.902,0.122141,1.24212,7.45056,0.0371985,7.45065,1,-0.00151411
669,341.759,361.2,86.3336,35,373.02,0.124265,1.27132,7.40862,0.0377569,7.40872,1,-0.00175029
670,342.27,361.2,86.8445,35,373.139,0.126412,1.29951,7.36361,0.0381841,7.36371,1,-0.00199627
671,342.78,361.2,87.3554,35,373.258,0.128548,1.32753,7.31876,0.0386089,7.31886,1,-0.00224093
672,343.291,361.2,87.8662,35,373.378,0.130662,1.35467,7.27333,0.0389839,7.27343,1,-0.0024861
673,343.802,361.2,88.3771,35,373.498,0.132687,1.37867,7.22611,0.0391887,7.22622,1,-0.0027318
674,344.313,361.2,88.8879,35,373.619,0.134704,1.40254,7.17905,0.0393926,7.17915,1,-0.00297648
675,344.824,361.2,89.3988,35,373.741,0.136658,1.42464,7.13162,0.0395294,7.13173,1,-0.00321988
676,345.335,361.2,89.9096,35,373.864,0.13845,1.44231,7.08352,0.0395034,7.08364,1,-0.00345911
677,345.845,361.2,90.4204,35,373.987,0.140234,1.4599,7.03557,0.0394775,7.03568,1,-0.00369765
678,346.356,361.2,90.9313,35,374.111,0.141914,1.47486,6.98759,0.0393651,6.9877,1,-0.0039317
679,346.867,361.2,91.4422,35,374.235,0.143392,1.48499,6.93982,0.0390975,6.93993,1,-0.00415666
680,347.378,361.2,91.953,35,374.361,0.144866,1.49509,6.89216,0.0388309,6.89227,1,-0.00438117
681,347.889,361.2,92.4639,35,374.486,0.146195,1.50196,6.84494,0.0384579,6.84505,1,-0.00459916
682,348.4,361.2,92.9747,35,374.613,0.147318,1.50435,6.79856,0.0379414,6.79867,1,-0.00480742
683,348.911,361.2,93.4855,35,374.74,0.148438,1.50675,6.75228,0.0374265,6.75238,1,-0.00501543
684,349.421,361.2,93.9964,35,374.868,0.149383,1.50564,6.70698,0.0368024,6.70708,1,-0.00521446
685,349.932,361.2,94.5072,35,374.996,0.150136,1.50088,6.66299,0.0360678,6.66309,1,-0.00540332
686,350.443,361.2,95.0181,35,375.125,0.150889,1.49615,6.61906,0.0353349,6.61916,1,-0.00559205
687,350.954,361.2,95.529,35,375.255,0.151448,1.48812,6.57677,0.0344745,6.57687,1,-0.00577068
688,351.465,361.2,96.0398,35,375.385,0.151848,1.47753,6.53611,0.0335176,6.53619,1,-0.00594056
689,351.976,361.2,96.5507,35,375.516,0.152248,1.46696,6.49548,0.0325622,6.49556,1,-0.00611039
690,352.487,361.2,97.0615,35,375.648,0.152459,1.45381,6.45726,0.0314813,6.45734,1,-0.00626937
691,352.997,361.2,97.5723,35,375.78,0.152553,1.43924,6.42082,0.030332,6.4209,1,-0.00642115
692,353.508,361.2,98.0832,35,375.913,0.152646,1.42469,6.38441,0.0291836,6.38448,1,-0.00657292
693,354.019,361.2,98.594,35,376.047,0.15258,1.40877,6.35127,0.0279113,6.35134,1,-0.00671382
694,354.53,361.2,99.1049,35,376.181,0.152442,1.39242,6.31994,0.026593,6.32,1,-0.00684925
695,355.041,361.2,99.6158,35,376.316,0.152304,1.37608,6.28861,0.025275,6.28867,1,-0.00698468
696,355.552,361.2,100.127,35,376.452,0.152063,1.35997,6.2615,0.023846,6.26155,1,-0.00710934
697,356.062,361.2,100.637,35,376.588,0.15179,1.34414,6.23605,0.0223918,6.23609,1,-0.00722999
698,356.573,361.2,101.148,35,376.725,0.151517,1.32831,6.2106,0.0209377,6.21064,1,-0.00735064
699,357.084,361.2,101.659,35,376.862,0.151218,1.31446,6.1903,0.0193912,6.19034,1,-0.00746054
700,357.595,361.2,102.17,35,377,0.150916,1.30126,6.17139,0.0178354,6.17142,1,-0.00756759
701,358.106,361.2,102.681,35,377.139,0.150615,1.28806,6.15247,0.0162796,6.1525,1,-0.00767465
702,358.617,361.2,103.192,35,377.278,0.150369,1.2785,6.13957,0.0146551,6.13959,1,-0.00777069
703,359.128,361.2,103.703,35,377.418,0.150136,1.2696,6.12767,0.0130325,6.12769,1,-0.00786483
704,359.638,361.2,104.213,35,377.559,0.149903,1.26071,6.11577,0.0114099,6.11578,1,-0.00795898
705,360.149,361.2,104.724,35,377.7,0.149796,1.2568,6.11062,0.0097479,6.11063,1,-0.00804163
706,360.66,361.2,105.235,35,377.842,0.1497,1.2533,6.10601,0.00809446,6.10602,1,-0.0081232
707,361.171,361.2,105.746,35,377.985,0.149605,1.2498,6.1014,0.00644103,6.10141,1,-0.00820476
708,361.682,361.2,106.257,35,378.128,0.149675,1.25211,6.10414,0.00477669,6.10415,1,-0.0082739
709,362.193,361.2,106.768,35,378.272,0.149746,1.25443,6.10693,0.00312297,6.10694,1,-0.00834272
710,362.703,361.2,107.279,35,378.417,0.149825,1.25708,6.11013,0.00147015,6.11014,1,-0.00841084
711,363.214,361.2,107.789,35,378.562,0.150047,1.26504,6.12029,-0.000162184,6.1203,1,-0.00846691
712,363.725,361.2,108.3,35,378.708,0.150266,1.27293,6.13041,-0.00178487,6.13041,1,-0.00852271
713,364.236,361.2,108.811,35,378.854,0.150497,1.2814,6.14138,-0.00340143,6.14139,1,-0.00857693
714,364.747,361.2,109.322,35,379.001,0.150807,1.29402,6.15865,-0.00496629,6.15866,1,-0.00861931
715,365.258,361.2,109.833,35,379.149,0.151114,1.30655,6.17585,-0.00652275,6.17586,1,-0.0086614
716,365.769,361.2,110.344,35,379.297,0.151422,1.31967,6.1943,-0.00806348,6.19431,1,-0.00870081
717,366.279,361.2,110.854,35,379.446,0.151728,1.33538,6.21824,-0.009527,6.21825,1,-0.00872799
718,366.79,361.2,111.365,35,379.595,0.15203,1.35098,6.24209,-0.0109835,6.24211,1,-0.00875485
719,367.301,361.2,111.876,35,379.746,0.152307,1.36689,6.26749,-0.0124093,6.26751,1,-0.00877772
720,367.812,361.2,112.387,35,379.896,0.152501,1.38363,6.29747,-0.0137345,6.29749,1,-0.00878804
721,368.323,361.2,112.898,35,380.048,0.152693,1.40026,6.32735,-0.0150541,6.32738,1,-0.00879805
722,368.834,361.2,113.409,35,380.2,0.15282,1.41658,6.35895,-0.0163254,6.35898,1,-0.0088022
723,369.345,361.2,113.92,35,380.353,0.152802,1.43205,6.3942,-0.0174826,6.39423,1,-0.00879291
724,369.855,361.2,114.43,35,380.506,0.152783,1.44743,6.42935,-0.0186357,6.42938,1,-0.00878336
725,370.366,361.2,114.941,35,380.66,0.152654,1.46157,6.46625,-0.019717,6.46629,1,-0.00876646
726,370.877,361.2,115.452,35,380.814,0.152342,1.47349,6.50589,-0.0206725,6.50593,1,-0.00873681
727,371.388,361.2,115.963,35,380.97,0.15203,1.48536,6.54545,-0.0216252,6.54549,1,-0.00870697
728,371.899,361.2,116.474,35,381.125,0.151565,1.49488,6.58667,-0.0224886,6.58671,1,-0.00866634
729,372.41,361.2,116.985,35,381.282,0.150906,1.50131,6.6298,-0.0232323,6.62984,1,-0.00861155
730,372.921,361.2,117.495,35,381.439,0.150248,1.5077,6.67284,-0.0239745,6.67289,1,-0.00855667
731,373.431,361.2,118.006,35,381.597,0.149401,1.51063,6.71735,-0.024592,6.7174,1,-0.00849334
732,373.942,361.2,118.517,35,381.755,0.148373,1.5101,6.76302,-0.0250831,6.76307,1,-0.00842132
733,374.453,361.2,119.028,35,381.914,0.147346,1.50956,6.80863,-0.0255735,6.80868,1,-0.00834922
734,374.964,361.2,119.539,35,382.073,0.146107,1.50464,6.85533,-0.0259462,6.85539,1,-0.00825616
735,375.475,361.2,120.05,35,382.233,0.144717,1.4964,6.90257,-0.0262271,6.90263,1,-0.00814744
736,375.986,361.2,120.561,35,382.394,0.143328,1.48817,6.94977,-0.0265079,6.94983,1,-0.00803877
737,376.496,361.2,121.071,35,382.556,0.141724,1.47499,6.99753,-0.0266272,6.99759,1,-0.00793627
738,377.007,361.2,121.582,35,382.718,0.140007,1.45906,7.0453,-0.0266537,7.04536,1,-0.00783694
739,377.518,361.2,122.093,35,382.88,0.138292,1.44315,7.09305,-0.0266805,7.09311,1,-0.00773759
740,378.029,361.2,122.604,35,383.043,0.136387,1.42241,7.1406,-0.0265204,7.14066,1,-0.00761054
741,378.54,361.2,123.115,35,383.207,0.134416,1.39981,7.18774,-0.0262828,7.18779,1,-0.00747231
742,379.051,361.2,123.626,35,383.372,0.132445,1.3772,7.23488,-0.0260451,7.23493,1,-0.00733407
743,379.562,361.2,124.137,35,383.537,0.130347,1.35077,7.28078,-0.0256685,7.28083,1,-0.00719754
744,380.072,361.2,124.647,35,383.702,0.128226,1.32341,7.32603,-0.0252529,7.32607,1,-0.00706205
745,380.583,361.2,125.158,35,383.868,0.126104,1.29604,7.37127,-0.0248373,7.37131,1,-0.00692656
746,381.094,361.2,125.669,35,384.035,0.123956,1.26675,7.41403,-0.0242584,7.41407,1,-0.00678324
747,381.605,361.2,126.18,35,384.203,0.121817,1.23731,7.45604,-0.0236511,7.45608,1,-0.00663905
748,382.116,361.2,126.691,35,384.371,0.119679,1.20786,7.49804,-0.0230437,7.49808,1,-0.00649486
749,382.627,361.2,127.202,35,384.54,0.117641,1.17896,7.53623,-0.0223251,7.53627,1,-0.00635126
750,383.138,361.2,127.713,35,384.709,0.115628,1.15035,7.57378,-0.0215986,7.57382,1,-0.00620856
751,383.648,361.2,128.223,35,384.879,0.113615,1.12173,7.61133,-0.0208721,7.61136,1,-0.00606586
752,384.159,361.2,128.734,35,385.049,0.111828,1.09604,7.64393,-0.0200742,7.64396,1,-0.00592096
753,384.67,361.2,129.245,35,385.22,0.11006,1.07065,7.67617,-0.0192784,7.6762,1,-0.00577691
754,385.181,361.2,129.756,35,385.392,0.108296,1.0453,7.70835,-0.0184824,7.70837,1,-0.00563281
755,385.692,361.2,130.267,35,385.564,0.106834,1.02435,7.7351,-0.0176731,7.73512,1,-0.00548517
756,386.203,361.2,130.778,35,385.737,0.105375,1.00347,7.7618,-0.0168685,7.76182,1,-0.00533859
757,386.713,361.2,131.288,35,385.911,0.10394,0.982943,7.78813,-0.0160657,7.78814,1,-0.00519142
758,387.224,361.2,131.799,35,386.085,0.102793,0.966701,7.80969,-0.0152869,7.8097,1,-0.00503781
759,387.735,361.2,132.31,35,386.26,0.101647,0.950491,7.83124,-0.0145114,7.83126,1,-0.00488534
760,388.246,361.2,132.821,35,386.435,0.100539,0.934844,7.85218,-0.0137434,7.8522,1,-0.00473153
761,388.757,361.2,133.332,35,386.611,0.0996648,0.92269,7.86933,-0.0130234,7.86934,1,-0.00457043
762,389.268,361.2,133.843,35,386.787,0.0987913,0.910545,7.88649,-0.0123056,7.8865,1,-0.00441043
763,389.779,361.2,134.354,35,386.964,0.0979617,0.899046,7.90293,-0.0116008,7.90294,1,-0.00424836
764,390.289,361.2,134.864,35,387.142,0.0973044,0.890084,7.91655,-0.0109488,7.91656,1,-0.00407927
765,390.8,361.2,135.375,35,387.32,0.0966468,0.881121,7.93019,-0.0102981,7.9302,1,-0.00391117
766,391.311,361.2,135.886,35,387.499,0.0960326,0.872787,7.94309,-0.00966491,7.9431,1,-0.00374057
767,391.822,361.2,136.397,35,387.678,0.0955373,0.866178,7.95399,-0.0090808,7.95399,1,-0.00356424
768,392.333,361.2,136.908,35,387.858,0.0950416,0.859565,7.96489,-0.0084975,7.9649,1,-0.00338874
769,392.844,361.2,137.419,35,388.039,0.0945856,0.853519,7.97509,-0.00793449,7.9751,1,-0.00321115
770,393.354,361.2,137.93,35,388.22,0.0942096,0.848614,7.98389,-0.00741349,7.98389,1,-0.00303051
771,393.865,361.2,138.44,35,388.402,0.0938332,0.843704,7.99269,-0.00689294,7.9927,1,-0.00285052
772,394.376,361.2,138.951,35,388.584,0.0934918,0.839285,8.00084,-0.00639442,8.00084,1,-0.00266984
773,394.887,361.2,139.462,35,388.767,0.0932037,0.835612,8.008,-0.0059304,8.008,1,-0.00248918
774,395.398,361.2,139.973,35,388.951,0.0929152,0.831936,8.01517,-0.00546662,8.01517,1,-0.00230897
775,395.909,361.2,140.484,35,389.135,0.0926571,0.828676,8.02173,-0.00502587,8.02173,1,-0.0021301
776,396.42,361.2,140.995,35,389.32,0.0924343,0.825902,8.0276,-0.00461277,8.0276,1,-0.0019538
777,396.93,361.2,141.505,35,389.505,0.0922112,0.823125,8.03348,-0.00419977,8.03348,1,-0.00177779
778,397.441,361.2,142.016,35,389.691,0.0920142,0.820699,8.0388,-0.00381039,8.0388,1,-0.00160566
779,397.952,361.2,142.527,35,389.877,0.0918405,0.818587,8.04364,-0.00344285,8.04364,1,-0.0014379
780,398.463,361.2,143.038,35,390.065,0.0916667,0.816473,8.04848,-0.00307534,8.04848,1,-0.0012703
781,398.974,361.2,143.549,35,390.252,0.0915152,0.814653,8.05282,-0.00273177,8.05282,1,-0.00110946
782,399.485,361.2,144.06,35,390.44,0.0913789,0.813035,8.05681,-0.00240517,8.05681,1,-0.000953972
783,399.996,361.2,144.571,35,390.629,0.0912426,0.811417,8.06081,-0.00207856,8.06081,1,-0.000798545
784,400.506,361.2,145.081,35,390.818,0.0911254,0.810044,8.06435,-0.00177625,8.06435,1,-0.000652762
785,401.017,361.2,145.592,35,391.008,0.091018,0.808799,8.06766,-0.00148685,8.06766,1,-0.000512497
786,401.528,361.2,146.103,35,391.199,0.0909107,0.807554,8.07096,-0.00119744,8.07096,1,-0.000372243
787,402.039,361.2,146.614,35,391.39,0.0908197,0.806515,8.07385,-0.000932137,8.07385,1,-0.000244593
788,402.55,361.2,147.125,35,391.582,0.090735,0.805555,8.07658,-0.00067623,8.07658,1,-0.000121963
789,403.061,361.2,147.636,35,391.774,0.0906502,0.804595,8.07931,-0.000420323,8.07931,1,6.66917e-07
790,403.572,361.2,148.146,35,391.967,0.0905796,0.803808,8.08166,-0.000189089,8.08166,1,0.000108394
791,404.082,361.2,148.657,35,392.16,0.0905126,0.803068,8.08391,3.56145e-05,8.08391,1,0.000212021
792,404.593,361.2,149.168,35,392.354,0.0904456,0.802327,8.08616,0.000260318,8.08616,1,0.000315649
793,405.104,361.2,149.679,35,392.548,0.0903908,0.801732,8.08807,0.000460348,8.08807,1,0.000403278
794,405.615,361.2,150.19,35,392.743,0.090338,0.801162,8.08992,0.00065621,8.08992,1,0.000488276
795,406.126,361.2,150.701,35,392.939,0.0902852,0.800592,8.09177,0.000852073,8.09177,1,0.000573274
796,406.637,361.2,151.212,35,393.135,0.0902427,0.800143,8.09331,0.00102446,8.09331,1,0.000639566
797,407.147,361.2,151.722,35,393.332,0.0902012,0.799705,8.09482,0.00119489,8.09482,1,0.000704466
798,407.658,361.2,152.233,35,393.529,0.0901596,0.799268,8.09634,0.00136532,8.09634,1,0.000769367
799,408.169,361.2,152.744,35,393.727,0.0901269,0.798932,8.09757,0.00151244,8.09757,1,0.000815649
800,408.68,361.2,153.255,35,393.926,0.0900943,0.798598,8.09881,0.0016594,8.09881,1,0.000861875
801,409.191,361.2,153.766,35,394.125,0.090062,0.798266,8.10003,0.00180565,8.10003,1,0.000907529
802,409.702,361.2,154.277,35,394.324,0.0900367,0.798014,8.10103,0.00193039,8.10103,1,0.000935702
803,410.213,361.2,154.788,35,394.525,0.0900113,0.797761,8.10203,0.00205571,8.10203,1,0.000964502
804,410.723,361.2,155.298,35,394.725,0.0899864,0.797514,8.10301,0.00217912,8.10301,1,0.000991683
805,411.234,361.2,155.809,35,394.927,0.0899668,0.797325,8.10382,0.00228464,8.10382,1,0.00100381
806,411.745,361.2,156.32,35,395.128,0.0899471,0.797134,8.10463,0.0023907,8.10463,1,0.00101653
807,412.256,361.2,156.831,35,395.331,0.0899281,0.796952,8.10541,0.00249388,8.10541,1,0.00102681
808,412.767,361.2,157.342,35,395.534,0.089913,0.796811,8.10606,0.00258214,8.10606,1,0.00102463
809,413.278,361.2,157.853,35,395.737,0.0898978,0.79667,8.10671,0.0026709,8.10671,1,0.00102299
810,413.789,361.2,158.363,35,395.941,0.0898834,0.796537,8.10733,0.00275604,8.10733,1,0.00101834
811,414.299,361.2,158.874,35,396.146,0.0898719,0.796434,8.10785,0.00282901,8.10785,1,0.00100368
812,414.81,361.2,159.385,35,396.351,0.0898602,0.796331,8.10837,0.0029024,8.10837,1,0.00098949
813,415.321,361.2,159.896,35,396.557,0.0898495,0.796236,8.10886,0.00297164,8.10886,1,0.000971958
814,415.832,361.2,160.407,35,396.763,0.0898407,0.796162,8.10927,0.00303109,8.10928,1,0.000946665
815,416.343,361.2,160.918,35,396.97,0.0898319,0.796088,8.10969,0.0030909,8.10969,1,0.00092177
816,416.854,361.2,161.429,35,397.177,0.0898239,0.796022,8.11008,0.00314624,8.11008,1,0.000893422
817,417.364,361.2,161.939,35,397.385,0.0898173,0.79597,8.11041,0.00319385,8.11041,1,0.000859282
818,417.875,361.2,162.45,35,397.593,0.0898107,0.795919,8.11074,0.00324175,8.11074,1,0.000825461
819,418.386,361.2,162.961,35,397.802,0.0898048,0.795874,8.11105,0.00328501,8.11105,1,0.00078829
820,418.897,361.2,163.472,35,398.012,0.0898,0.79584,8.11131,0.00332229,8.11131,1,0.000747005
821,419.408,361.2,163.983,35,398.222,0.0897951,0.795805,8.11157,0.00335981,8.11158,1,0.000705959
822,419.919,361.2,164.494,35,398.433,0.0897909,0.795777,8.11181,0.00339264,8.11181,1,0.000661812
823,420.43,361.2,165.005,35,398.644,0.0897873,0.795755,8.11202,0.00342095,8.11202,1,0.000614924
824,420.94,361.2,165.515,35,398.856,0.0897838,0.795734,8.11223,0.00344943,8.11223,1,0.00056821
825,421.451,361.2,166.026,35,399.068,0.0897808,0.795718,8.11242,0.00347333,8.11242,1,0.000518759
826,421.962,361.2,166.537,35,399.281,0.0897783,0.795706,8.11259,0.00349398,8.11259,1,0.000467628
827,422.473,361.2,167.048,35,399.494,0.0897757,0.795694,8.11276,0.00351474,8.11276,1,0.000416608
828,422.984,361.2,167.559,35,399.708,0.0897737,0.795687,8.1129,0.00353105,8.1129,1,0.000363299
829,423.495,361.2,168.07,35,399.922,0.089772,0.795683,8.11304,0.00354513,8.11304,1,0.000309117
830,424.005,361.2,168.581,35,400.137,0.0897703,0.795679,8.11317,0.00355927,8.11317,1,0.000254991
831,424.516,361.2,169.091,35,400.353,0.0897689,0.795678,8.11329,0.00356914,8.11329,1,0.000199141
832,425.027,361.2,169.602,35,400.569,0.0897678,0.79568,8.1134,0.00357755,8.1134,1,0.000143026
833,425.538,361.2,170.113,35,400.785,0.0897667,0.795681,8.11351,0.00358598,8.11351,1,8.69219e-05
834,426.049,361.2,170.624,35,401.002,0.0897659,0.795685,8.1136,0.00359043,8.1136,1,2.96493e-05
835,426.56,361.2,171.135,35,401.22,0.0897653,0.795691,8.11369,0.00359403,8.11369,1,-2.75349e-05
836,427.071,361.2,171.646,35,401.438,0.0897646,0.795696,8.11377,0.00359763,8.11377,1,-8.47192e-05
837,427.581,361.2,172.156,35,401.657,0.0897642,0.795704,8.11385,0.00359754,8.11385,1,-0.000142513
838,428.092,361.2,172.667,35,401.876,0.0897639,0.795712,8.11392,0.00359702,8.11392,1,-0.00020005
839,428.603,361.2,173.178,35,402.096,0.0897636,0.795721,8.11399,0.00359651,8.11399,1,-0.000257586
840,429.114,361.2,173.689,35,402.316,0.0897635,0.795731,8.11405,0.00359261,8.11405,1,-0.000315171
841,429.625,361.2,174.2,35,402.537,0.0897635,0.795742,8.11411,0.00358862,8.11411,1,-0.000372428
842,430.136,361.2,174.711,35,402.758,0.0897634,0.795753,8.11417,0.00358462,8.11417,1,-0.000429683
843,430.647,361.2,175.222,35,402.98,0.0897636,0.795765,8.11422,0.00357753,8.11422,1,-0.000486479
844,431.157,361.2,175.732,35,403.203,0.0897637,0.795777,8.11427,0.00357059,8.11427,1,-0.00054296
845,431.668,361.2,176.243,35,403.426,0.0897639,0.79579,8.11432,0.00356365,8.11432,1,-0.000599442
846,432.179,361.2,176.754,35,403.649,0.0897642,0.795803,8.11436,0.0035539,8.11436,1,-0.000654997
847,432.69,361.2,177.265,35,403.873,0.0897645,0.795817,8.1144,0.00354447,8.1144,1,-0.000710313
848,433.201,361.2,177.776,35,404.097,0.0897648,0.79583,8.11444,0.00353491,8.11444,1,-0.000765571
849,433.712,361.2,178.287,35,404.322,0.0897652,0.795844,8.11447,0.00352307,8.11447,1,-0.000819608
850,434.223,361.2,178.798,35,404.548,0.0897656,0.795859,8.11451,0.00351153,8.11451,1,-0.000873463
851,434.733,361.2,179.308,35,404.774,0.0897661,0.795873,8.11454,0.00349974,8.11454,1,-0.000927156
852,435.244,361.2,179.819,35,405,0.0897666,0.795888,8.11457,0.00348616,8.11457,1,-0.000979475
853,435.755,361.2,180.33,35,405.228,0.0897671,0.795903,8.1146,0.00347285,8.1146,1,-0.00103165
854,436.266,361.2,180.841,35,405.455,0.0897676,0.795918,8.11463,0.00345919,8.11463,1,-0.00108354
855,436.777,361.2,181.352,35,405.683,0.0897682,0.795933,8.11466,0.00344413,8.11466,1,-0.00113399
856,437.288,361.2,181.863,35,405.912,0.0897687,0.795948,8.11468,0.00342931,8.11468,1,-0.00118434
857,437.798,361.2,182.373,35,406.141,0.0897693,0.795963,8.11471,0.00341407,8.11471,1,-0.00123426
858,438.309,361.2,182.884,35,406.371,0.0897699,0.795978,8.11473,0.00339777,8.11473,1,-0.00128275
859,438.82,361.2,183.395,35,406.601,0.0897705,0.795994,8.11475,0.00338167,8.11475,1,-0.00133116
860,439.331,361.2,183.906,35,406.832,0.0897712,0.796009,8.11477,0.0033651,8.11478,1,-0.00137902
861,439.842,361.2,184.417,35,407.063,0.0897718,0.796024,8.11479,0.00334774,8.1148,1,-0.0014255
862,440.353,361.2,184.928,35,407.294,0.0897724,0.79604,8.11481,0.00333054,8.11482,1,-0.00147192
863,440.864,361.2,185.439,35,407.527,0.0897731,0.796055,8.11483,0.00331284,8.11483,1,-0.00151765
864,441.374,361.2,185.949,35,407.759,0.0897738,0.79607,8.11485,0.00329458,8.11485,1,-0.00156211
865,441.885,361.2,186.46,35,407.992,0.0897744,0.796086,8.11487,0.00327645,8.11487,1,-0.00160652
866,442.396,361.2,186.971,35,408.226,0.0897751,0.796101,8.11489,0.00325779,8.11489,1,-0.00165012
867,442.907,361.2,187.482,35,408.46,0.0897758,0.796116,8.1149,0.00323875,8.1149,1,-0.00169256
868,443.418,361.2,187.993,35,408.695,0.0897765,0.796131,8.11492,0.00321982,8.11492,1,-0.00173497
869,443.929,361.2,188.504,35,408.93,0.0897772,0.796146,8.11493,0.00320034,8.11493,1,-0.00177646
870,444.44,361.2,189.014,35,409.166,0.0897779,0.796161,8.11495,0.00318063,8.11495,1,-0.00181692
871,444.95,361.2,189.525,35,409.402,0.0897785,0.796176,8.11496,0.003161,8.11496,1,-0.00185735
872,445.461,361.2,190.036,35,409.639,0.0897792,0.796191,8.11497,0.00314081,8.11497,1,-0.00189677
873,445.972,361.2,190.547,35,409.876,0.0897799,0.796206,8.11499,0.00312053,8.11499,1,-0.00193528
874,446.483,361.2,191.058,35,410.114,0.0897806,0.796221,8.115,0.0031003,8.115,1,-0.00197379
875,446.994,361.2,191.569,35,410.352,0.0897813,0.796235,8.11501,0.00307949,8.11501,1,-0.00201118
876,447.505,361.2,192.08,35,410.591,0.089782,0.79625,8.11502,0.00305871,8.11502,1,-0.00204781
877,448.015,361.2,192.59,35,410.83,0.0897827,0.796264,8.11503,0.00303796,8.11503,1,-0.00208444
878,448.526,361.2,193.101,35,411.07,0.0897834,0.796279,8.11504,0.00301661,8.11504,1,-0.00211988
879,449.037,361.2,193.612,35,411.31,0.0897841,0.796293,8.11505,0.0029954,8.11505,1,-0.00215469
880,449.548,361.2,194.123,35,411.551,0.0897848,0.796307,8.11506,0.00297418,8.11506,1,-0.0021895
881,450.059,361.2,194.634,35,411.792,0.0897855,0.796321,8.11507,0.00295239,8.11507,1,-0.00222306
882,450.57,361.2,195.145,35,412.034,0.0897862,0.796335,8.11508,0.00293078,8.11508,1,-0.00225614
883,451.081,361.2,195.656,35,412.276,0.0897869,0.796349,8.11509,0.00290916,8.11509,1,-0.00228922
884,451.591,361.2,196.166,35,412.519,0.0897875,0.796363,8.1151,0.00288697,8.1151,1,-0.00232099
885,452.102,361.2,196.677,35,412.762,0.0897882,0.796376,8.1151,0.00286497,8.1151,1,-0.00235242
886,452.613,361.2,197.188,35,413.006,0.0897889,0.79639,8.11511,0.00284296,8.11511,1,-0.00238384
887,453.124,361.2,197.699,35,413.25,0.0897896,0.796403,8.11512,0.00282042,8.11512,1,-0.00241389
888,453.635,361.2,198.21,35,413.494,0.0897902,0.796416,8.11513,0.00279812,8.11513,1,-0.00244367
889,454.146,361.2,198.721,35,413.739,0.0897909,0.796429,8.11513,0.00277583,8.11513,1,-0.00247345
890,454.656,361.2,199.232,35,413.985,0.0897916,0.796442,8.11514,0.00275301,8.11514,1,-0.00250183
891,455.167,361.2,199.742,35,414.231,0.0897922,0.796455,8.11514,0.00273044,8.11514,1,-0.00253007
892,455.678,361.2,200.253,35,414.478,0.0897929,0.796468,8.11515,0.00270786,8.11515,1,-0.00255831
893,456.189,361.2,200.764,35,414.725,0.0897935,0.796481,8.11515,0.00268475,8.11516,1,-0.00258517
894,456.7,361.2,201.275,35,414.972,0.0897942,0.796493,8.11516,0.00266188,8.11516,1,-0.00261199
895,457.211,361.2,201.786,35,415.22,0.0897948,0.796506,8.11517,0.00263897,8.11517,1,-0.00263872
896,457.722,361.2,202.297,35,415.469,0.0897955,0.796518,8.11517,0.00261564,8.11517,1,-0.00266418
897,458.232,361.2,202.807,35,415.718,0.0897961,0.79653,8.11517,0.00259255,8.11517,1,-0.0026896
898,458.743,361.2,203.318,35,415.967,0.0897967,0.796542,8.11518,0.00256937,8.11518,1,-0.00271485
899,459.254,361.2,203.829,35,416.217,0.0897974,0.796554,8.11518,0.00254586,8.11518,1,-0.00273898
900,459.765,361.2,204.34,35,416.468,0.089798,0.796566,8.11519,0.00252256,8.11519,1,-0.00276308
901,460.276,361.2,204.851,35,416.719,0.0897986,0.796577,8.11519,0.00249914,8.11519,1,-0.00278694
902,460.787,361.2,205.362,35,416.97,0.0897992,0.796589,8.11519,0.00247546,8.11519,1,-0.0028098
903,461.298,361.2,205.873,35,417.222,0.0897998,0.7966,8.11519,0.00245196,8.1152,1,-0.00283264
904,461.808,361.2,206.383,35,417.474,0.0898004,0.796611,8.1152,0.00242832,8.1152,1,-0.00285517
905,462.319,361.2,206.894,35,417.727,0.089801,0.796622,8.1152,0.00240448,8.1152,1,-0.00287683
906,462.83,361.2,207.405,35,417.98,0.0898016,0.796633,8.1152,0.00238081,8.1152,1,-0.00289846
907,463.341,361.2,207.916,35,418.234,0.0898022,0.796644,8.1152,0.00235695,8.11521,1,-0.00291974
908,463.852,361.2,208.427,35,418.488,0.0898028,0.796655,8.11521,0.00233298,8.11521,1,-0.00294025
909,464.363,361.2,208.938,35,418.743,0.0898034,0.796666,8.11521,0.00230914,8.11521,1,-0.00296074
910,464.874,361.2,209.449,35,418.998,0.089804,0.796676,8.11521,0.0022851,8.11521,1,-0.00298083
911,465.384,361.2,209.959,35,419.253,0.0898045,0.796686,8.11521,0.002261,8.11521,1,-0.00300024
912,465.895,361.2,210.47,35,419.509,0.0898051,0.796697,8.11521,0.00223702,8.11521,1,-0.00301965
913,466.406,361.2,210.981,35,419.766,0.0898056,0.796707,8.11521,0.00221279,8.11521,1,-0.0030386
914,466.917,361.2,211.492,35,420.023,0.0898062,0.796717,8.11521,0.00218858,8.11522,1,-0.00305697
915,467.428,361.2,212.003,35,420.28,0.0898067,0.796727,8.11522,0.00216446,8.11522,1,-0.00307533
916,467.939,361.2,212.514,35,420.538,0.0898073,0.796736,8.11522,0.00214006,8.11522,1,-0.00309321
917,468.449,361.2,213.024,35,420.797,0.0898078,0.796746,8.11522,0.00211575,8.11522,1,-0.00311059
918,468.96,361.2,213.535,35,421.056,0.0898083,0.796756,8.11522,0.0020915,8.11522,1,-0.00312796
919,469.471,361.2,214.046,35,421.315,0.0898089,0.796765,8.11522,0.00206696,8.11522,1,-0.00314481
920,469.982,361.2,214.557,35,421.575,0.0898094,0.796774,8.11522,0.00204255,8.11522,1,-0.00316124
921,470.493,361.2,215.068,35,421.835,0.0898099,0.796783,8.11522,0.00201819,8.11522,1,-0.00317767
922,471.004,361.2,215.579,35,422.096,0.0898104,0.796792,8.11522,0.0019935,8.11522,1,-0.00319354
923,471.515,361.2,216.09,35,422.357,0.0898109,0.796801,8.11522,0.00196901,8.11522,1,-0.00320906
924,472.025,361.2,216.6,35,422.618,0.0898114,0.79681,8.11522,0.00194454,8.11522,1,-0.00322458
925,472.536,361.2,217.111,35,422.88,0.0898119,0.796818,8.11522,0.00191973,8.11522,1,-0.00323952
926,473.047,361.2,217.622,35,423.143,0.0898124,0.796827,8.11522,0.00189516,8.11522,1,-0.00325418
927,473.558,361.2,218.133,35,423.406,0.0898128,0.796835,8.11522,0.00187059,8.11522,1,-0.00326884
928,474.069,361.2,218.644,35,423.669,0.0898133,0.796843,8.11522,0.00184567,8.11522,1,-0.00328288
929,474.58,361.2,219.155,35,423.933,0.0898138,0.796852,8.11522,0.00182101,8.11522,1,-0.00329672
930,475.091,361.2,219.665,35,424.197,0.0898142,0.79686,8.11521,0.00179634,8.11522,1,-0.00331055
931,475.601,361.2,220.176,35,424.462,0.0898147,0.796867,8.11521,0.00177133,8.11521,1,-0.00332374
932,476.112,361.2,220.687,35,424.727,0.0898151,0.796875,8.11521,0.00174659,8.11521,1,-0.00333678
933,476.623,361.2,221.198,35,424.993,0.0898156,0.796883,8.11521,0.00172184,8.11521,1,-0.00334982
934,477.134,361.2,221.709,35,425.259,0.089816,0.79689,8.11521,0.00169674,8.11521,1,-0.0033622
935,477.645,361.2,222.22,35,425.526,0.0898164,0.796898,8.11521,0.00167191,8.11521,1,-0.00337448
936,478.156,361.2,222.731,35,425.793,0.0898169,0.796905,8.11521,0.00164709,8.11521,1,-0.00338676
937,478.666,361.2,223.241,35,426.06,0.0898173,0.796912,8.11521,0.00162191,8.11521,1,-0.00339836
938,479.177,361.2,223.752,35,426.328,0.0898177,0.796919,8.11521,0.00159701,8.11521,1,-0.00340991
939,479.688,361.2,224.263,35,426.596,0.0898181,0.796926,8.11521,0.0015721,8.11521,1,-0.00342144
940,480.199,361.2,224.774,35,426.865,0.0898185,0.796933,8.1152,0.00154687,8.1152,1,-0.00343231
941,480.71,361.2,225.285,35,427.134,0.0898189,0.79694,8.1152,0.0015219,8.1152,1,-0.00344316
942,481.221,361.2,225.796,35,427.404,0.0898193,0.796946,8.1152,0.00149689,8.1152,1,-0.00345395
943,481.732,361.2,226.307,35,427.674,0.0898196,0.796953,8.1152,0.00147162,8.1152,1,-0.00346414
944,482.242,361.2,226.817,35,427.945,0.08982,0.796959,8.1152,0.00144659,8.1152,1,-0.00347431
945,482.753,361.2,227.328,35,428.216,0.0898204,0.796965,8.1152,0.00142149,8.1152,1,-0.00348439
946,483.264,361.2,227.839,35,428.487,0.0898207,0.796971,8.1152,0.00139618,8.1152,1,-0.00349392
947,483.775,361.2,228.35,35,428.759,0.0898211,0.796977,8.11519,0.0013711,8.11519,1,-0.00350345
948,484.286,361.2,228.861,35,429.031,0.0898215,0.796983,8.11519,0.00134591,8.11519,1,-0.00351284
949,484.797,361.2,229.372,35,429.304,0.0898218,0.796989,8.11519,0.00132058,8.11519,1,-0.00352174
950,485.307,361.2,229.883,35,429.577,0.0898221,0.796995,8.11519,0.00129544,8.11519,1,-0.00353064
951,485.818,361.2,230.393,35,429.851,0.0898225,0.797,8.11519,0.00127017,8.11519,1,-0.00353937
952,486.329,361.2,230.904,35,430.125,0.0898228,0.797005,8.11519,0.00124482,8.11519,1,-0.00354766
953,486.84,361.2,231.415,35,430.399,0.0898231,0.797011,8.11518,0.00121963,8.11519,1,-0.00355595
954,487.351,361.2,231.926,35,430.674,0.0898234,0.797016,8.11518,0.00119429,8.11518,1,-0.00356404
955,487.862,361.2,232.437,35,430.949,0.0898237,0.797021,8.11518,0.00116892,8.11518,1,-0.00357175
956,488.373,361.2,232.948,35,431.225,0.089824,0.797026,8.11518,0.00114369,8.11518,1,-0.00357945
957,488.883,361.2,233.458,35,431.501,0.0898243,0.797031,8.11518,0.00111827,8.11518,1,-0.00358693
958,489.394,361.2,233.969,35,431.778,0.0898246,0.797035,8.11518,0.00109288,8.11518,1,-0.00359406
959,489.905,361.2,234.48,35,432.055,0.0898249,0.79704,8.11517,0.00106762,8.11518,1,-0.00360119
960,490.416,361.2,234.991,35,432.332,0.0898251,0.797045,8.11517,0.00104213,8.11517,1,-0.00360807
961,490.927,361.2,235.502,35,432.61,0.0898254,0.797049,8.11517,0.00101674,8.11517,1,-0.00361465
962,491.438,361.2,236.013,35,432.888,0.0898256,0.797053,8.11517,0.000991431,8.11517,1,-0.00362123
963,491.949,361.2,236.524,35,433.167,0.0898259,0.797057,8.11517,0.000965883,8.11517,1,-0.00362753
964,492.459,361.2,237.034,35,433.446,0.0898261,0.797061,8.11517,0.000940482,8.11517,1,-0.00363358
965,492.97,361.2,237.545,35,433.726,0.0898264,0.797065,8.11517,0.000915145,8.11517,1,-0.00363962
966,493.481,361.2,238.056,35,434.006,0.0898266,0.797069,8.11516,0.000889539,8.11517,1,-0.00364536
967,493.992,361.2,238.567,35,434.286,0.0898268,0.797073,8.11516,0.000864137,8.11516,1,-0.00365088
968,494.503,361.2,239.078,35,434.567,0.0898271,0.797077,8.11516,0.000838771,8.11516,1,-0.00365641
969,495.014,361.2,239.589,35,434.848,0.0898273,0.79708,8.11516,0.00081311,8.11516,1,-0.0036616
970,495.525,361.2,240.1,35,435.13,0.0898275,0.797083,8.11516,0.00078771,8.11516,1,-0.00366661
971,496.035,361.2,240.61,35,435.412,0.0898277,0.797087,8.11516,0.000762319,8.11516,1,-0.00367163
972,496.546,361.2,241.121,35,435.695,0.0898279,0.79709,8.11516,0.000736624,8.11516,1,-0.00367629
973,497.057,361.2,241.632,35,435.978,0.089828,0.797093,8.11516,0.000711212,8.11516,1,-0.00368081
974,497.568,361.2,242.143,35,436.261,0.0898282,0.797096,8.11515,0.0006858,8.11516,1,-0.00368533
975,498.079,361.2,242.654,35,436.545,0.0898284,0.797099,8.11515,0.000660086,8.11515,1,-0.00368947
976,498.59,361.2,243.165,35,436.829,0.0898286,0.797102,8.11515,0.000634657,8.11515,1,-0.00369351
977,499.1,361.2,243.675,35,437.113,0.0898287,0.797104,8.11515,0.000609229,8.11515,1,-0.00369755
978,499.611,361.2,244.186,35,437.398,0.0898289,0.797107,8.11515,0.000583494,8.11515,1,-0.00370119
979,500.122,361.2,244.697,35,437.684,0.089829,0.797109,8.11515,0.000558047,8.11515,1,-0.00370476
980,500.633,361.2,245.208,35,437.97,0.0898292,0.797111,8.11515,0.0005326,8.11515,1,-0.00370833
981,501.144,361.2,245.719,35,438.256,0.0898293,0.797114,8.11515,0.000506864,8.11515,1,-0.00371147
982,501.655,361.2,246.23,35,438.542,0.0898294,0.797116,8.11515,0.000481419,8.11515,1,-0.00371458
983,502.166,361.2,246.741,35,438.83,0.0898295,0.797118,8.11515,0.000455973,8.11515,1,-0.00371769
984,502.676,361.2,247.251,35,439.117,0.0898297,0.79712,8.11515,0.000430198,8.11515,1,-0.00372036
985,503.187,361.2,247.762,35,439.405,0.0898298,0.797121,8.11515,0.000404713,8.11515,1,-0.00372302
986,503.698,361.2,248.273,35,439.693,0.0898299,0.797123,8.11514,0.000379213,8.11515,1,-0.00372565
987,504.209,361.2,248.784,35,439.982,0.0898299,0.797124,8.11514,0.000353534,8.11515,1,-0.00372787
988,504.72,361.2,249.295,35,440.271,0.08983,0.797126,8.11514,0.000328127,8.11514,1,-0.00373009
989,505.231,361.2,249.806,35,440.56,0.0898301,0.797127,8.11514,0.000302652,8.11514,1,-0.00373226
990,505.742,361.2,250.316,35,440.85,0.0898302,0.797128,8.11514,0.000276803,8.11514,1,-0.00373405
991,506.252,361.2,250.827,35,441.14,0.0898302,0.79713,8.11514,0.000251201,8.11514,1,-0.00373584
992,506.763,361.2,251.338,35,441.431,0.0898303,0.797131,8.11514,0.000225619,8.11514,1,-0.00373756
993,507.274,361.2,251.849,35,441.722,0.0898304,0.797132,8.11514,0.000200339,8.11514,1,-0.00373893
994,507.785,361.2,252.36,35,442.014,0.0898304,0.797132,8.11514,0.000175274,8.11514,1,-0.00374029
995,508.296,361.2,252.871,35,442.305,0.0898304,0.797133,8.11514,0.000149922,8.11514,1,-0.00374155
996,508.807,361.2,253.382,35,442.598,0.0898305,0.797134,8.11514,0.000123885,8.11514,1,-0.0037425
997,509.317,361.2,253.892,35,442.89,0.0898305,0.797134,8.11514,9.80416e-05,8.11515,1,-0.00374345
998,509.828,361.2,254.403,35,443.183,0.0898305,0.797134,8.11514,7.2097e-05,8.11515,1,-0.00374417
999,510.339,361.2,254.914,35,443.477,0.0898305,0.797135,8.11514,4.62452e-05,8.11515,1,-0.00374435
1000,510.85,361.2,255.425,35,443.771,nan,nan,nan,nan,nan,0,nan
